"post_id","date","username","likes_count","comments_count","caption","hashtags","engagement_rate"
202,2020-01-09,"muzeumslaskie",192,8,"Hej! Izolacja jest trudna, ale jesteśmy razem online. #Głusi #zdrowie #pandemia #PJM","#Głusi #zdrowie #pandemia #PJM",1.11
351,2020-01-09,"pzg_zg",155,18,"Zobaczcie: Domagamy się dostępności w urzędach. #prawa #polskijezykmigowy #Głusi #Deaf","#prawa #polskijezykmigowy #Głusi #Deaf",2.31
359,2020-01-16,"muzeumslaskie",411,44,"Cześć! Konferencja prasowa bez tłumacza? Skandal. #Deaf #polskijezykmigowy #maseczki #pandemia","#Deaf #polskijezykmigowy #maseczki #pandemia",2.53
539,2020-01-16,"fundacja_echo",105,7,"Zobaczcie: Wywiad z Ministrem o dostępności. #prawa #news #Głusi #społeczność","#prawa #news #Głusi #społeczność",2.49
337,2020-01-18,"muzeumslaskie",229,11,"Hej! Teatr, który łączy światy. #kultura #Deaf #PJM #teatr","#kultura #Deaf #PJM #teatr",1.33
245,2020-01-21,"iwonacichosz",517,61,"Hej! Macierzyństwo bez słów jest piękne. #actress #Głusi #polskijezykmigowy #społeczność","#actress #Głusi #polskijezykmigowy #społeczność",1.2
256,2020-01-22,"pzg_zg",53,4,"Cześć! Szczepienia - punkt dostępny z tłumaczem. #zdrowie #PJM #polskijezykmigowy #Deaf","#zdrowie #PJM #polskijezykmigowy #Deaf",0.76
454,2020-01-22,"fundacja_echo",98,7,"Ważne: Ważny komunikat Ministerstwa Zdrowia (tłumaczenie PJM). #społeczność #koronawirus #zdrowie #PJM","#społeczność #koronawirus #zdrowie #PJM",2.33
368,2020-01-26,"migam_pl",504,36,"Hej! Nowa funkcja w naszej aplikacji. #PJM #aplikacja #Głusi #tech","#PJM #aplikacja #Głusi #tech",1.5
542,2020-01-28,"muzeumslaskie",367,38,"Ważne: Kino dostępne z napisami i pętlą. #kultura #społeczność #dostępność #Głusi","#kultura #społeczność #dostępność #Głusi",2.25
536,2020-01-30,"unmute_pl",280,28,"Zobaczcie: Kino dostępne z napisami i pętlą. #polskijezykmigowy #społeczność #muzeum #sztuka","#polskijezykmigowy #społeczność #muzeum #sztuka",1.47
170,2020-02-02,"fundacja_echo",113,3,"Hej! Ważny komunikat Ministerstwa Zdrowia (tłumaczenie PJM). #koronawirus #maseczki #polskijezykmigowy #Deaf","#koronawirus #maseczki #polskijezykmigowy #Deaf",2.58
471,2020-02-04,"fundacja_echo",47,0,"Zobaczcie: Relacja z demonstracji w Warszawie. #polskijezykmigowy #PJM #prawa #news","#polskijezykmigowy #PJM #prawa #news",1.04
207,2020-02-11,"muzeumslaskie",491,50,"Ważne: Sztuka nie potrzebuje słów, by wzruszać. #sztuka #Głusi #muzeum #kultura","#sztuka #Głusi #muzeum #kultura",3.01
559,2020-02-11,"swiat_gluchych",272,35,"Zobaczcie: Relacja z demonstracji w Warszawie. #polskijezykmigowy #Głusi #news #PJM","#polskijezykmigowy #Głusi #news #PJM",2.19
527,2020-02-17,"migam_pl",423,58,"Zobaczcie: Nasze tłumaczki są dostępne 24/7. #PJM #biznes #aplikacja #Głusi","#PJM #biznes #aplikacja #Głusi",1.34
561,2020-02-17,"migam_pl",861,51,"Ważne: Technologia łamie bariery komunikacyjne. #polskijezykmigowy #tech #biznes #aplikacja","#polskijezykmigowy #tech #biznes #aplikacja",2.53
67,2020-02-20,"pzg_zg",114,5,"Zobaczcie: Konferencja prasowa bez tłumacza? Skandal. #koronawirus #maseczki #PJM #Deaf","#koronawirus #maseczki #PJM #Deaf",1.59
508,2020-02-26,"iwonacichosz",1198,17,"Cześć! Chwila relaksu z rodziną. #PJM #polskijezykmigowy #społeczność #Głusi","#PJM #polskijezykmigowy #społeczność #Głusi",2.53
5,2020-02-28,"swiat_gluchych",306,34,"Hej! Szczepienia - punkt dostępny z tłumaczem. #koronawirus #Deaf #pandemia #zdrowie","#koronawirus #Deaf #pandemia #zdrowie",2.43
268,2020-03-16,"migam_pl",975,52,"Hej! Technologia łamie bariery komunikacyjne. #startup #tech #biznes #społeczność","#startup #tech #biznes #społeczność",2.85
335,2020-03-20,"fundacja_echo",123,11,"Ważne: Konferencja prasowa bez tłumacza? Skandal. #polskijezykmigowy #zdrowie #koronawirus #PJM","#polskijezykmigowy #zdrowie #koronawirus #PJM",2.98
333,2020-03-24,"migam_pl",735,47,"Zobaczcie: Nowa funkcja w naszej aplikacji. #biznes #Deaf #startup #Głusi","#biznes #Deaf #startup #Głusi",2.17
237,2020-04-01,"unmute_pl",620,39,"Ważne: Kino dostępne z napisami i pętlą. #Deaf #dostępność #sztuka #muzeum","#Deaf #dostępność #sztuka #muzeum",3.14
255,2020-04-12,"iwonacichosz",714,71,"Hej! Relacja z czerwonego dywanu. #polskijezykmigowy #Głusi #lifestyle #PJM","#polskijezykmigowy #Głusi #lifestyle #PJM",1.64
488,2020-04-12,"pan_od_pjm",48,3,"Hej! Jak czytać z ruchu warg w maseczce? 😷 #polskijezykmigowy #PJM #Głusi #społeczność","#polskijezykmigowy #PJM #Głusi #społeczność",1.02
299,2020-04-15,"unmute_pl",421,56,"Cześć! Teatr, który łączy światy. #teatr #muzeum #PJM #dostępność","#teatr #muzeum #PJM #dostępność",2.27
304,2020-04-19,"muzeumslaskie",293,31,"Zobaczcie: Warsztaty plastyczne dla dzieci niesłyszących. #kultura #Głusi #społeczność #sztuka","#kultura #Głusi #społeczność #sztuka",1.8
74,2020-04-26,"fundacja_echo",141,10,"Zobaczcie: Spotkanie społeczności w ten weekend. #news #Głusi #społeczność #prawa","#news #Głusi #społeczność #prawa",3.36
413,2020-04-30,"fundacja_echo",113,11,"Hej! Sukces polskiej reprezentacji niesłyszących w sporcie! #polskijezykmigowy #Deaf #społeczność #prawa","#polskijezykmigowy #Deaf #społeczność #prawa",2.76
447,2020-05-01,"migajaca_poezja",93,7,"Cześć! Sztuka nie potrzebuje słów, by wzruszać. #polskijezykmigowy #teatr #Deaf #dostępność","#polskijezykmigowy #teatr #Deaf #dostępność",3.33
402,2020-05-03,"migajaca_poezja",71,5,"Ważne: Oprowadzanie w PJM po nowej wystawie. 🎨 #Głusi #kultura #Deaf #muzeum","#Głusi #kultura #Deaf #muzeum",2.53
89,2020-05-06,"unmute_pl",498,66,"Hej! Izolacja jest trudna, ale jesteśmy razem online. #koronawirus #zdrowie #polskijezykmigowy #Deaf","#koronawirus #zdrowie #polskijezykmigowy #Deaf",2.69
393,2020-05-12,"unmute_pl",400,17,"Ważne: Ważny komunikat Ministerstwa Zdrowia (tłumaczenie PJM). #społeczność #PJM #maseczki #koronawirus","#społeczność #PJM #maseczki #koronawirus",1.99
574,2020-05-12,"unmute_pl",163,17,"Hej! Kino dostępne z napisami i pętlą. #społeczność #kultura #Deaf #muzeum","#społeczność #kultura #Deaf #muzeum",0.86
75,2020-05-19,"unmute_pl",360,25,"Hej! Ważny komunikat Ministerstwa Zdrowia (tłumaczenie PJM). #koronawirus #Głusi #Deaf #PJM","#koronawirus #Głusi #Deaf #PJM",1.83
506,2020-05-20,"fundacja_echo",63,8,"Zobaczcie: Walczymy o ustawę o języku migowym! 📜 #PJM #społeczność #polskijezykmigowy #news","#PJM #społeczność #polskijezykmigowy #news",1.58
167,2020-05-26,"iwonacichosz",309,30,"Hej! Konferencja prasowa bez tłumacza? Skandal. #PJM #Deaf #społeczność #polskijezykmigowy","#PJM #Deaf #społeczność #polskijezykmigowy",0.71
184,2020-06-03,"pzg_zg",173,5,"Zobaczcie: Jak czytać z ruchu warg w maseczce? 😷 #koronawirus #maseczki #Głusi #zdrowie","#koronawirus #maseczki #Głusi #zdrowie",2.37
174,2020-06-12,"muzeumslaskie",417,46,"Hej! Kino dostępne z napisami i pętlą. #kultura #Głusi #PJM #teatr","#kultura #Głusi #PJM #teatr",2.57
400,2020-06-24,"unmute_pl",418,60,"Zobaczcie: Szczepienia - punkt dostępny z tłumaczem. #koronawirus #Głusi #pandemia #maseczki","#koronawirus #Głusi #pandemia #maseczki",2.28
231,2020-07-01,"iwonacichosz",1321,158,"Ważne: Chwila relaksu z rodziną. #społeczność #Głusi #Deaf #PJM","#społeczność #Głusi #Deaf #PJM",3.08
424,2020-07-01,"pzg_zg",148,15,"Cześć! Wywiad z Ministrem o dostępności. #Głusi #ngo #Deaf #PJM","#Głusi #ngo #Deaf #PJM",2.17
564,2020-07-07,"unmute_pl",534,36,"Cześć! Teatr, który łączy światy. #dostępność #Głusi #społeczność #PJM","#dostępność #Głusi #społeczność #PJM",2.71
29,2020-07-09,"pan_od_pjm",84,11,"Zobaczcie: Konferencja prasowa bez tłumacza? Skandal. #maseczki #Głusi #koronawirus #polskijezykmigowy","#maseczki #Głusi #koronawirus #polskijezykmigowy",1.9
316,2020-07-17,"iwonacichosz",728,55,"Hej! Relacja z czerwonego dywanu. #polskijezykmigowy #life #społeczność #actress","#polskijezykmigowy #life #społeczność #actress",1.63
332,2020-07-25,"pan_od_pjm",32,2,"Ważne: Kino dostępne z napisami i pętlą. #PJM #Deaf #dostępność #Głusi","#PJM #Deaf #dostępność #Głusi",0.68
2,2020-07-27,"swiat_gluchych",349,47,"Zobaczcie: Wywiad z Ministrem o dostępności. #społeczność #polskijezykmigowy #Głusi #ngo","#społeczność #polskijezykmigowy #Głusi #ngo",2.83
518,2020-07-29,"pan_od_pjm",98,9,"Ważne: Warsztaty plastyczne dla dzieci niesłyszących. #Głusi #społeczność #muzeum #dostępność","#Głusi #społeczność #muzeum #dostępność",2.14
196,2020-07-30,"fundacja_echo",156,3,"Ważne: Konferencja prasowa bez tłumacza? Skandal. #maseczki #Deaf #PJM #zdrowie","#maseczki #Deaf #PJM #zdrowie",3.53
182,2020-08-08,"swiat_gluchych",190,22,"Hej! Jak czytać z ruchu warg w maseczce? 😷 #pandemia #polskijezykmigowy #Głusi #maseczki","#pandemia #polskijezykmigowy #Głusi #maseczki",1.51
135,2020-08-10,"migam_pl",471,20,"Ważne: Nasze tłumaczki są dostępne 24/7. #Deaf #biznes #innowacje #tech","#Deaf #biznes #innowacje #tech",1.36
218,2020-08-17,"fundacja_echo",120,5,"Zobaczcie: Ważne zmiany w przepisach dla osób z niepełnosprawnością. #społeczność #Głusi #PJM #news","#społeczność #Głusi #PJM #news",2.78
436,2020-08-21,"migam_pl",738,14,"Ważne: Nasze tłumaczki są dostępne 24/7. #PJM #społeczność #tech #biznes","#PJM #społeczność #tech #biznes",2.09
222,2020-09-05,"pan_od_pjm",90,2,"Cześć! Konferencja prasowa bez tłumacza? Skandal. #Głusi #koronawirus #zdrowie #Deaf","#Głusi #koronawirus #zdrowie #Deaf",1.84
593,2020-09-05,"iwonacichosz",1333,101,"Cześć! Chwila relaksu z rodziną. #life #Głusi #społeczność #Deaf","#life #Głusi #społeczność #Deaf",2.99
94,2020-09-06,"fundacja_echo",87,8,"Zobaczcie: Szczepienia - punkt dostępny z tłumaczem. #pandemia #koronawirus #zdrowie #PJM","#pandemia #koronawirus #zdrowie #PJM",2.11
320,2020-09-12,"muzeumslaskie",268,17,"Ważne: Warsztaty plastyczne dla dzieci niesłyszących. #kultura #Deaf #społeczność #PJM","#kultura #Deaf #społeczność #PJM",1.58
133,2020-09-17,"migajaca_poezja",106,15,"Cześć! Warsztaty plastyczne dla dzieci niesłyszących. #muzeum #Deaf #społeczność #teatr","#muzeum #Deaf #społeczność #teatr",4.03
348,2020-09-17,"migam_pl",816,71,"Cześć! Nowa funkcja w naszej aplikacji. #PJM #startup #biznes #społeczność","#PJM #startup #biznes #społeczność",2.46
87,2020-09-22,"pan_od_pjm",94,1,"Zobaczcie: Kino dostępne z napisami i pętlą. #Głusi #polskijezykmigowy #teatr #kultura","#Głusi #polskijezykmigowy #teatr #kultura",1.9
492,2020-09-23,"migam_pl",415,61,"Zobaczcie: Jak czytać z ruchu warg w maseczce? 😷 #pandemia #Deaf #polskijezykmigowy #maseczki","#pandemia #Deaf #polskijezykmigowy #maseczki",1.32
482,2020-09-26,"unmute_pl",230,32,"Cześć! Warsztaty plastyczne dla dzieci niesłyszących. #polskijezykmigowy #dostępność #Deaf #społeczność","#polskijezykmigowy #dostępność #Deaf #społeczność",1.25
279,2020-10-03,"migajaca_poezja",52,8,"Cześć! Warsztaty plastyczne dla dzieci niesłyszących. #sztuka #polskijezykmigowy #PJM #muzeum","#sztuka #polskijezykmigowy #PJM #muzeum",2
253,2020-10-26,"migajaca_poezja",42,5,"Hej! Oprowadzanie w PJM po nowej wystawie. 🎨 #społeczność #teatr #dostępność #kultura","#społeczność #teatr #dostępność #kultura",1.57
477,2020-10-30,"iwonacichosz",733,42,"Cześć! Chwila relaksu z rodziną. #PJM #Deaf #actress #społeczność","#PJM #Deaf #actress #społeczność",1.61
242,2020-11-02,"unmute_pl",386,49,"Ważne: Ważny komunikat Ministerstwa Zdrowia (tłumaczenie PJM). #Deaf #zdrowie #polskijezykmigowy #społeczność","#Deaf #zdrowie #polskijezykmigowy #społeczność",2.07
194,2020-11-04,"migajaca_poezja",34,4,"Zobaczcie: Sztuka nie potrzebuje słów, by wzruszać. #muzeum #PJM #społeczność #dostępność","#muzeum #PJM #społeczność #dostępność",1.27
314,2020-11-07,"pan_od_pjm",131,5,"Ważne: Oprowadzanie w PJM po nowej wystawie. 🎨 #Deaf #muzeum #dostępność #kultura","#Deaf #muzeum #dostępność #kultura",2.72
118,2020-11-11,"fundacja_kultura_bez_barier",218,6,"Ważne: Oprowadzanie w PJM po nowej wystawie. 🎨 #kultura #muzeum #dostępność #teatr","#kultura #muzeum #dostępność #teatr",2.49
43,2020-11-12,"unmute_pl",427,8,"Hej! Warsztaty plastyczne dla dzieci niesłyszących. #kultura #społeczność #dostępność #Głusi","#kultura #społeczność #dostępność #Głusi",2.07
534,2020-11-16,"swiat_gluchych",143,20,"Zobaczcie: Walczymy o ustawę o języku migowym! 📜 #polskijezykmigowy #Deaf #prawa #ngo","#polskijezykmigowy #Deaf #prawa #ngo",1.16
358,2020-11-21,"unmute_pl",557,33,"Cześć! Kino dostępne z napisami i pętlą. #kultura #PJM #muzeum #teatr","#kultura #PJM #muzeum #teatr",2.81
381,2020-11-21,"fundacja_kultura_bez_barier",162,24,"Ważne: Izolacja jest trudna, ale jesteśmy razem online. #koronawirus #polskijezykmigowy #Deaf #Głusi","#koronawirus #polskijezykmigowy #Deaf #Głusi",2.07
578,2020-11-21,"pan_od_pjm",93,8,"Ważne: Kino dostępne z napisami i pętlą. #dostępność #polskijezykmigowy #Deaf #PJM","#dostępność #polskijezykmigowy #Deaf #PJM",2.02
48,2020-11-23,"pzg_zg",132,2,"Hej! Wywiad z Ministrem o dostępności. #news #prawa #polskijezykmigowy #PJM","#news #prawa #polskijezykmigowy #PJM",1.79
416,2020-11-28,"pan_od_pjm",128,19,"Zobaczcie: Oprowadzanie w PJM po nowej wystawie. 🎨 #dostępność #polskijezykmigowy #teatr #Deaf","#dostępność #polskijezykmigowy #teatr #Deaf",2.94
597,2020-11-28,"muzeumslaskie",403,23,"Hej! Szczepienia - punkt dostępny z tłumaczem. #zdrowie #Głusi #społeczność #pandemia","#zdrowie #Głusi #społeczność #pandemia",2.37
157,2020-11-29,"iwonacichosz",1011,110,"Ważne: Bycie Głuchą to moja supermoc. #PJM #lifestyle #Deaf #społeczność","#PJM #lifestyle #Deaf #społeczność",2.34
200,2020-11-30,"unmute_pl",600,22,"Hej! Warsztaty plastyczne dla dzieci niesłyszących. #teatr #dostępność #polskijezykmigowy #społeczność","#teatr #dostępność #polskijezykmigowy #społeczność",2.96
251,2020-12-07,"pan_od_pjm",147,3,"Hej! Warsztaty plastyczne dla dzieci niesłyszących. #kultura #muzeum #teatr #sztuka","#kultura #muzeum #teatr #sztuka",3
322,2020-12-09,"fundacja_echo",75,5,"Cześć! Nowe statystyki dotyczące PJM w Polsce. #news #polskijezykmigowy #Głusi #społeczność","#news #polskijezykmigowy #Głusi #społeczność",1.78
386,2020-12-10,"pzg_zg",214,22,"Cześć! Spotkanie społeczności w ten weekend. #Deaf #Głusi #ngo #news","#Deaf #Głusi #ngo #news",3.15
586,2020-12-13,"fundacja_kultura_bez_barier",186,10,"Cześć! Oprowadzanie w PJM po nowej wystawie. 🎨 #teatr #Deaf #Głusi #dostępność","#teatr #Deaf #Głusi #dostępność",2.18
369,2020-12-14,"migam_pl",771,57,"Zobaczcie: Jak czytać z ruchu warg w maseczce? 😷 #zdrowie #polskijezykmigowy #koronawirus #społeczność","#zdrowie #polskijezykmigowy #koronawirus #społeczność",2.3
338,2020-12-17,"iwonacichosz",1153,82,"Zobaczcie: Konferencja prasowa bez tłumacza? Skandal. #koronawirus #PJM #polskijezykmigowy #Głusi","#koronawirus #PJM #polskijezykmigowy #Głusi",2.57
434,2020-12-18,"muzeumslaskie",497,56,"Hej! Jak czytać z ruchu warg w maseczce? 😷 #koronawirus #maseczki #Głusi #zdrowie","#koronawirus #maseczki #Głusi #zdrowie",3.07
543,2020-12-22,"pzg_zg",118,16,"Zobaczcie: Zapraszamy na bezpłatne porady prawne. #ngo #news #prawa #polskijezykmigowy","#ngo #news #prawa #polskijezykmigowy",1.79
14,2021-01-03,"fundacja_echo",73,8,"Zobaczcie: Ważny komunikat Ministerstwa Zdrowia (tłumaczenie PJM). #pandemia #koronawirus #Deaf #polskijezykmigowy","#pandemia #koronawirus #Deaf #polskijezykmigowy",1.8
577,2021-01-07,"fundacja_echo",65,7,"Zobaczcie: Walczymy o ustawę o języku migowym! 📜 #Głusi #polskijezykmigowy #Deaf #PJM","#Głusi #polskijezykmigowy #Deaf #PJM",1.6
17,2021-01-08,"fundacja_kultura_bez_barier",238,13,"Cześć! Oprowadzanie w PJM po nowej wystawie. 🎨 #kultura #dostępność #społeczność #PJM","#kultura #dostępność #społeczność #PJM",2.79
185,2021-01-10,"migam_pl",1100,124,"Cześć! Nasze tłumaczki są dostępne 24/7. #tech #PJM #polskijezykmigowy #społeczność","#tech #PJM #polskijezykmigowy #społeczność",3.4
107,2021-01-11,"pzg_zg",241,32,"Zobaczcie: Ważny komunikat Ministerstwa Zdrowia (tłumaczenie PJM). #PJM #koronawirus #maseczki #pandemia","#PJM #koronawirus #maseczki #pandemia",3.64
30,2021-01-18,"swiat_gluchych",194,4,"Ważne: Jak czytać z ruchu warg w maseczce? 😷 #maseczki #koronawirus #społeczność #polskijezykmigowy","#maseczki #koronawirus #społeczność #polskijezykmigowy",1.41
58,2021-01-20,"unmute_pl",238,30,"Ważne: Kino dostępne z napisami i pętlą. #PJM #dostępność #polskijezykmigowy #społeczność","#PJM #dostępność #polskijezykmigowy #społeczność",1.28
274,2021-01-22,"swiat_gluchych",246,28,"Cześć! Ważne zmiany w przepisach dla osób z niepełnosprawnością. #news #społeczność #prawa #polskijezykmigowy","#news #społeczność #prawa #polskijezykmigowy",1.96
376,2021-01-24,"swiat_gluchych",269,39,"Zobaczcie: Wywiad z Ministrem o dostępności. #polskijezykmigowy #PJM #prawa #społeczność","#polskijezykmigowy #PJM #prawa #społeczność",2.2
385,2021-01-29,"pan_od_pjm",95,3,"Zobaczcie: Sztuka nie potrzebuje słów, by wzruszać. #dostępność #Głusi #Deaf #kultura","#dostępność #Głusi #Deaf #kultura",1.96
66,2021-02-08,"pzg_zg",156,11,"Cześć! Domagamy się dostępności w urzędach. #news #Głusi #ngo #Deaf","#news #Głusi #ngo #Deaf",2.23
124,2021-02-15,"unmute_pl",707,53,"Zobaczcie: Jak czytać z ruchu warg w maseczce? 😷 #koronawirus #maseczki #polskijezykmigowy #pandemia","#koronawirus #maseczki #polskijezykmigowy #pandemia",3.62
260,2021-02-17,"fundacja_echo",64,7,"Zobaczcie: Spotkanie społeczności w ten weekend. #prawa #news #ngo #polskijezykmigowy","#prawa #news #ngo #polskijezykmigowy",1.58
79,2021-02-25,"pan_od_pjm",147,19,"Hej! Teatr, który łączy światy. #sztuka #teatr #muzeum #społeczność","#sztuka #teatr #muzeum #społeczność",3.32
20,2021-02-27,"muzeumslaskie",545,79,"Cześć! Kino dostępne z napisami i pętlą. #Deaf #teatr #społeczność #muzeum","#Deaf #teatr #społeczność #muzeum",3.47
377,2021-03-02,"iwonacichosz",660,82,"Zobaczcie: Dziś nagrywamy nowy projekt! 🎬 #Głusi #polskijezykmigowy #PJM #społeczność","#Głusi #polskijezykmigowy #PJM #społeczność",1.55
441,2021-03-07,"migam_pl",1059,69,"Cześć! Nasze tłumaczki są dostępne 24/7. #innowacje #Głusi #tech #PJM","#innowacje #Głusi #tech #PJM",3.13
308,2021-03-08,"unmute_pl",402,4,"Cześć! Oprowadzanie w PJM po nowej wystawie. 🎨 #kultura #muzeum #dostępność #Głusi","#kultura #muzeum #dostępność #Głusi",1.93
270,2021-03-29,"fundacja_kultura_bez_barier",201,12,"Cześć! Kino dostępne z napisami i pętlą. #dostępność #Głusi #społeczność #Deaf","#dostępność #Głusi #społeczność #Deaf",2.37
440,2021-03-30,"pzg_zg",102,7,"Ważne: Wsparcie dla seniorów G/głuchych. #prawa #Deaf #ngo #społeczność","#prawa #Deaf #ngo #społeczność",1.45
21,2021-04-05,"migajaca_poezja",44,5,"Cześć! Ważny komunikat Ministerstwa Zdrowia (tłumaczenie PJM). #PJM #koronawirus #Głusi #polskijezykmigowy","#PJM #koronawirus #Głusi #polskijezykmigowy",1.63
263,2021-04-05,"migajaca_poezja",71,8,"Zobaczcie: Ważny komunikat Ministerstwa Zdrowia (tłumaczenie PJM). #polskijezykmigowy #zdrowie #Głusi #pandemia","#polskijezykmigowy #zdrowie #Głusi #pandemia",2.63
23,2021-04-06,"fundacja_echo",77,10,"Ważne: Sukces polskiej reprezentacji niesłyszących w sporcie! #Deaf #społeczność #ngo #PJM","#Deaf #społeczność #ngo #PJM",1.93
556,2021-04-13,"unmute_pl",665,27,"Hej! Sztuka nie potrzebuje słów, by wzruszać. #społeczność #Deaf #Głusi #sztuka","#społeczność #Deaf #Głusi #sztuka",3.3
224,2021-04-19,"iwonacichosz",1194,108,"Zobaczcie: Chwila relaksu z rodziną. #Głusi #life #PJM #społeczność","#Głusi #life #PJM #społeczność",2.71
595,2021-04-19,"fundacja_echo",105,8,"Ważne: Domagamy się dostępności w urzędach. #PJM #Deaf #prawa #Głusi","#PJM #Deaf #prawa #Głusi",2.51
474,2021-04-20,"iwonacichosz",1051,40,"Hej! Macierzyństwo bez słów jest piękne. #Głusi #polskijezykmigowy #life #Deaf","#Głusi #polskijezykmigowy #life #Deaf",2.27
483,2021-04-24,"fundacja_kultura_bez_barier",154,19,"Hej! Sztuka nie potrzebuje słów, by wzruszać. #kultura #polskijezykmigowy #PJM #sztuka","#kultura #polskijezykmigowy #PJM #sztuka",1.92
233,2021-04-28,"migajaca_poezja",76,11,"Ważne: Oprowadzanie w PJM po nowej wystawie. 🎨 #polskijezykmigowy #społeczność #teatr #sztuka","#polskijezykmigowy #społeczność #teatr #sztuka",2.9
419,2021-05-07,"fundacja_kultura_bez_barier",130,10,"Ważne: Warsztaty plastyczne dla dzieci niesłyszących. #muzeum #dostępność #polskijezykmigowy #teatr","#muzeum #dostępność #polskijezykmigowy #teatr",1.56
484,2021-05-13,"unmute_pl",732,15,"Hej! Kino dostępne z napisami i pętlą. #polskijezykmigowy #sztuka #teatr #społeczność","#polskijezykmigowy #sztuka #teatr #społeczność",3.56
307,2021-05-18,"unmute_pl",635,88,"Cześć! Teatr, który łączy światy. #Głusi #teatr #Deaf #polskijezykmigowy","#Głusi #teatr #Deaf #polskijezykmigowy",3.44
309,2021-05-21,"swiat_gluchych",365,25,"Cześć! Walczymy o ustawę o języku migowym! 📜 #PJM #społeczność #Głusi #ngo","#PJM #społeczność #Głusi #ngo",2.79
422,2021-05-23,"pan_od_pjm",153,4,"Ważne: Oprowadzanie w PJM po nowej wystawie. 🎨 #teatr #muzeum #społeczność #PJM","#teatr #muzeum #społeczność #PJM",3.14
180,2021-05-26,"pzg_zg",214,8,"Hej! Ważne zmiany w przepisach dla osób z niepełnosprawnością. #społeczność #Głusi #PJM #news","#społeczność #Głusi #PJM #news",2.96
215,2021-06-03,"fundacja_echo",114,12,"Ważne: Domagamy się dostępności w urzędach. #polskijezykmigowy #news #ngo #Deaf","#polskijezykmigowy #news #ngo #Deaf",2.8
468,2021-06-03,"fundacja_kultura_bez_barier",213,20,"Cześć! Jak czytać z ruchu warg w maseczce? 😷 #zdrowie #pandemia #Głusi #społeczność","#zdrowie #pandemia #Głusi #społeczność",2.59
566,2021-06-08,"pan_od_pjm",93,10,"Ważne: Kino dostępne z napisami i pętlą. #dostępność #kultura #muzeum #Deaf","#dostępność #kultura #muzeum #Deaf",2.06
228,2021-06-10,"pzg_zg",233,22,"Hej! Relacja z demonstracji w Warszawie. #polskijezykmigowy #Głusi #społeczność #prawa","#polskijezykmigowy #Głusi #społeczność #prawa",3.4
599,2021-06-11,"migam_pl",685,60,"Hej! Nowa funkcja w naszej aplikacji. #Deaf #biznes #PJM #polskijezykmigowy","#Deaf #biznes #PJM #polskijezykmigowy",2.07
19,2021-06-17,"migam_pl",945,75,"Hej! Konferencja prasowa bez tłumacza? Skandal. #polskijezykmigowy #maseczki #zdrowie #Deaf","#polskijezykmigowy #maseczki #zdrowie #Deaf",2.83
192,2021-06-22,"iwonacichosz",877,52,"Hej! Bycie Głuchą to moja supermoc. #actress #Głusi #life #PJM","#actress #Głusi #life #PJM",1.94
427,2021-06-30,"pan_od_pjm",70,4,"Ważne: Oprowadzanie w PJM po nowej wystawie. 🎨 #muzeum #Deaf #polskijezykmigowy #społeczność","#muzeum #Deaf #polskijezykmigowy #społeczność",1.48
361,2021-07-03,"pzg_zg",161,18,"Cześć! Wywiad z Ministrem o dostępności. #polskijezykmigowy #Głusi #news #PJM","#polskijezykmigowy #Głusi #news #PJM",2.39
582,2021-07-11,"iwonacichosz",1064,83,"Zobaczcie: Dziś nagrywamy nowy projekt! 🎬 #Głusi #life #społeczność #PJM","#Głusi #life #społeczność #PJM",2.39
439,2021-07-19,"iwonacichosz",650,47,"Ważne: Bycie Głuchą to moja supermoc. #actress #PJM #Głusi #Deaf","#actress #PJM #Głusi #Deaf",1.45
455,2021-07-19,"unmute_pl",322,5,"Zobaczcie: Kino dostępne z napisami i pętlą. #polskijezykmigowy #kultura #społeczność #PJM","#polskijezykmigowy #kultura #społeczność #PJM",1.56
154,2021-07-22,"fundacja_echo",132,6,"Ważne: Ważne zmiany w przepisach dla osób z niepełnosprawnością. #prawa #Głusi #Deaf #ngo","#prawa #Głusi #Deaf #ngo",3.07
553,2021-07-23,"muzeumslaskie",447,63,"Zobaczcie: Teatr, który łączy światy. #dostępność #PJM #muzeum #Deaf","#dostępność #PJM #muzeum #Deaf",2.83
585,2021-07-24,"pan_od_pjm",120,10,"Cześć! Szczepienia - punkt dostępny z tłumaczem. #pandemia #polskijezykmigowy #maseczki #społeczność","#pandemia #polskijezykmigowy #maseczki #społeczność",2.6
187,2021-07-27,"migajaca_poezja",68,8,"Cześć! Kino dostępne z napisami i pętlą. #teatr #muzeum #Głusi #PJM","#teatr #muzeum #Głusi #PJM",2.53
173,2021-07-29,"muzeumslaskie",391,25,"Cześć! Teatr, który łączy światy. #Głusi #kultura #polskijezykmigowy #społeczność","#Głusi #kultura #polskijezykmigowy #społeczność",2.31
473,2021-07-31,"pan_od_pjm",47,5,"Ważne: Warsztaty plastyczne dla dzieci niesłyszących. #kultura #polskijezykmigowy #sztuka #muzeum","#kultura #polskijezykmigowy #sztuka #muzeum",1.04
71,2021-08-11,"unmute_pl",520,64,"Ważne: Szczepienia - punkt dostępny z tłumaczem. #polskijezykmigowy #pandemia #Głusi #zdrowie","#polskijezykmigowy #pandemia #Głusi #zdrowie",2.78
265,2021-08-13,"swiat_gluchych",315,47,"Ważne: Szczepienia - punkt dostępny z tłumaczem. #maseczki #polskijezykmigowy #PJM #koronawirus","#maseczki #polskijezykmigowy #PJM #koronawirus",2.59
65,2021-08-20,"muzeumslaskie",518,51,"Hej! Kino dostępne z napisami i pętlą. #społeczność #teatr #polskijezykmigowy #Deaf","#społeczność #teatr #polskijezykmigowy #Deaf",3.16
73,2021-08-21,"fundacja_kultura_bez_barier",118,5,"Hej! Konferencja prasowa bez tłumacza? Skandal. #społeczność #Deaf #maseczki #polskijezykmigowy","#społeczność #Deaf #maseczki #polskijezykmigowy",1.37
177,2021-08-22,"migam_pl",726,28,"Hej! Wdrażamy tłumacza online w kolejnym banku! 🏦 #PJM #aplikacja #polskijezykmigowy #startup","#PJM #aplikacja #polskijezykmigowy #startup",2.09
216,2021-08-24,"fundacja_kultura_bez_barier",69,6,"Cześć! Sztuka nie potrzebuje słów, by wzruszać. #teatr #Głusi #społeczność #polskijezykmigowy","#teatr #Głusi #społeczność #polskijezykmigowy",0.83
276,2021-08-24,"muzeumslaskie",380,6,"Cześć! Kino dostępne z napisami i pętlą. #kultura #Głusi #PJM #sztuka","#kultura #Głusi #PJM #sztuka",2.14
344,2021-08-24,"fundacja_kultura_bez_barier",311,4,"Zobaczcie: Warsztaty plastyczne dla dzieci niesłyszących. #polskijezykmigowy #teatr #kultura #Deaf","#polskijezykmigowy #teatr #kultura #Deaf",3.5
136,2021-09-02,"migam_pl",1178,51,"Cześć! Szczepienia - punkt dostępny z tłumaczem. #maseczki #koronawirus #polskijezykmigowy #PJM","#maseczki #koronawirus #polskijezykmigowy #PJM",3.41
398,2021-09-05,"fundacja_kultura_bez_barier",131,17,"Ważne: Kino dostępne z napisami i pętlą. #Głusi #kultura #Deaf #PJM","#Głusi #kultura #Deaf #PJM",1.64
96,2021-09-11,"migam_pl",790,50,"Zobaczcie: Wdrażamy tłumacza online w kolejnym banku! 🏦 #tech #aplikacja #startup #PJM","#tech #aplikacja #startup #PJM",2.33
220,2021-09-11,"fundacja_echo",55,4,"Zobaczcie: Konferencja prasowa bez tłumacza? Skandal. #polskijezykmigowy #PJM #Deaf #maseczki","#polskijezykmigowy #PJM #Deaf #maseczki",1.31
430,2021-09-12,"fundacja_kultura_bez_barier",253,31,"Ważne: Konferencja prasowa bez tłumacza? Skandal. #maseczki #PJM #zdrowie #Deaf","#maseczki #PJM #zdrowie #Deaf",3.16
501,2021-09-14,"iwonacichosz",1128,19,"Ważne: Relacja z czerwonego dywanu. #lifestyle #Deaf #Głusi #polskijezykmigowy","#lifestyle #Deaf #Głusi #polskijezykmigowy",2.39
531,2021-09-16,"swiat_gluchych",425,31,"Ważne: Ważne zmiany w przepisach dla osób z niepełnosprawnością. #news #Głusi #ngo #prawa","#news #Głusi #ngo #prawa",3.26
528,2021-09-17,"fundacja_kultura_bez_barier",141,19,"Hej! Warsztaty plastyczne dla dzieci niesłyszących. #teatr #dostępność #kultura #PJM","#teatr #dostępność #kultura #PJM",1.78
144,2021-09-22,"iwonacichosz",1056,28,"Hej! Izolacja jest trudna, ale jesteśmy razem online. #Deaf #Głusi #zdrowie #polskijezykmigowy","#Deaf #Głusi #zdrowie #polskijezykmigowy",2.26
257,2021-09-25,"unmute_pl",567,6,"Zobaczcie: Konferencja prasowa bez tłumacza? Skandal. #polskijezykmigowy #pandemia #społeczność #PJM","#polskijezykmigowy #pandemia #społeczność #PJM",2.73
294,2021-09-25,"muzeumslaskie",383,57,"Ważne: Warsztaty plastyczne dla dzieci niesłyszących. #muzeum #teatr #kultura #dostępność","#muzeum #teatr #kultura #dostępność",2.44
404,2021-09-26,"pzg_zg",209,14,"Hej! Szczepienia - punkt dostępny z tłumaczem. #społeczność #koronawirus #pandemia #maseczki","#społeczność #koronawirus #pandemia #maseczki",2.97
195,2021-09-27,"iwonacichosz",1306,71,"Zobaczcie: Ważny komunikat Ministerstwa Zdrowia (tłumaczenie PJM). #społeczność #koronawirus #maseczki #Deaf","#społeczność #koronawirus #maseczki #Deaf",2.87
323,2021-10-01,"pan_od_pjm",93,6,"Cześć! Ważny komunikat Ministerstwa Zdrowia (tłumaczenie PJM). #maseczki #polskijezykmigowy #koronawirus #pandemia","#maseczki #polskijezykmigowy #koronawirus #pandemia",1.98
297,2021-10-03,"unmute_pl",647,53,"Cześć! Sztuka nie potrzebuje słów, by wzruszać. #Głusi #polskijezykmigowy #społeczność #dostępność","#Głusi #polskijezykmigowy #społeczność #dostępność",3.33
487,2021-10-09,"iwonacichosz",1535,78,"Ważne: Dziś nagrywamy nowy projekt! 🎬 #Głusi #PJM #actress #polskijezykmigowy","#Głusi #PJM #actress #polskijezykmigowy",3.36
453,2021-10-10,"migajaca_poezja",60,5,"Hej! Warsztaty plastyczne dla dzieci niesłyszących. #Głusi #dostępność #kultura #muzeum","#Głusi #dostępność #kultura #muzeum",2.17
520,2021-10-10,"pan_od_pjm",68,2,"Zobaczcie: Warsztaty plastyczne dla dzieci niesłyszących. #polskijezykmigowy #społeczność #teatr #dostępność","#polskijezykmigowy #społeczność #teatr #dostępność",1.4
567,2021-10-10,"migajaca_poezja",60,2,"Hej! Jak czytać z ruchu warg w maseczce? 😷 #PJM #społeczność #Głusi #koronawirus","#PJM #społeczność #Głusi #koronawirus",2.07
456,2021-10-14,"unmute_pl",489,64,"Ważne: Sztuka nie potrzebuje słów, by wzruszać. #dostępność #PJM #sztuka #teatr","#dostępność #PJM #sztuka #teatr",2.63
315,2021-10-18,"pan_od_pjm",107,10,"Hej! Kino dostępne z napisami i pętlą. #teatr #Deaf #społeczność #dostępność","#teatr #Deaf #społeczność #dostępność",2.34
353,2021-10-21,"swiat_gluchych",248,15,"Ważne: Zapraszamy na bezpłatne porady prawne. #prawa #Głusi #ngo #polskijezykmigowy","#prawa #Głusi #ngo #polskijezykmigowy",1.88
512,2021-10-26,"muzeumslaskie",448,53,"Cześć! Izolacja jest trudna, ale jesteśmy razem online. #Głusi #PJM #polskijezykmigowy #maseczki","#Głusi #PJM #polskijezykmigowy #maseczki",2.78
311,2021-10-27,"fundacja_kultura_bez_barier",189,13,"Ważne: Konferencja prasowa bez tłumacza? Skandal. #koronawirus #zdrowie #społeczność #pandemia","#koronawirus #zdrowie #społeczność #pandemia",2.24
391,2021-10-30,"pzg_zg",230,19,"Hej! Relacja z demonstracji w Warszawie. #prawa #Głusi #PJM #ngo","#prawa #Głusi #PJM #ngo",3.32
423,2021-10-30,"fundacja_echo",94,7,"Ważne: Zapraszamy na bezpłatne porady prawne. #polskijezykmigowy #społeczność #ngo #Głusi","#polskijezykmigowy #społeczność #ngo #Głusi",2.24
252,2021-11-04,"migajaca_poezja",59,1,"Zobaczcie: Jak czytać z ruchu warg w maseczce? 😷 #PJM #koronawirus #pandemia #maseczki","#PJM #koronawirus #pandemia #maseczki",2
573,2021-11-04,"muzeumslaskie",565,63,"Ważne: Teatr, który łączy światy. #sztuka #kultura #muzeum #dostępność","#sztuka #kultura #muzeum #dostępność",3.49
61,2021-11-05,"muzeumslaskie",385,42,"Hej! Ważny komunikat Ministerstwa Zdrowia (tłumaczenie PJM). #zdrowie #Deaf #PJM #pandemia","#zdrowie #Deaf #PJM #pandemia",2.37
306,2021-11-05,"unmute_pl",419,35,"Zobaczcie: Izolacja jest trudna, ale jesteśmy razem online. #PJM #Głusi #maseczki #społeczność","#PJM #Głusi #maseczki #społeczność",2.16
355,2021-11-06,"unmute_pl",514,22,"Hej! Teatr, który łączy światy. #muzeum #polskijezykmigowy #Głusi #Deaf","#muzeum #polskijezykmigowy #Głusi #Deaf",2.55
490,2021-11-07,"fundacja_echo",123,16,"Ważne: Relacja z demonstracji w Warszawie. #prawa #Głusi #news #Deaf","#prawa #Głusi #news #Deaf",3.09
49,2021-11-10,"unmute_pl",482,38,"Hej! Konferencja prasowa bez tłumacza? Skandal. #koronawirus #Głusi #Deaf #maseczki","#koronawirus #Głusi #Deaf #maseczki",2.48
101,2021-11-11,"iwonacichosz",924,54,"Ważne: Bycie Głuchą to moja supermoc. #life #actress #Głusi #PJM","#life #actress #Głusi #PJM",2.04
221,2021-11-15,"pan_od_pjm",86,6,"Hej! Kino dostępne z napisami i pętlą. #muzeum #dostępność #sztuka #PJM","#muzeum #dostępność #sztuka #PJM",1.84
384,2021-11-17,"fundacja_echo",140,21,"Ważne: Zapraszamy na bezpłatne porady prawne. #ngo #prawa #społeczność #Deaf","#ngo #prawa #społeczność #Deaf",3.58
411,2021-11-17,"migajaca_poezja",54,2,"Hej! Szczepienia - punkt dostępny z tłumaczem. #zdrowie #Głusi #społeczność #maseczki","#zdrowie #Głusi #społeczność #maseczki",1.87
293,2021-12-06,"fundacja_echo",119,5,"Cześć! Ważny komunikat Ministerstwa Zdrowia (tłumaczenie PJM). #polskijezykmigowy #zdrowie #społeczność #PJM","#polskijezykmigowy #zdrowie #społeczność #PJM",2.76
53,2021-12-09,"iwonacichosz",1125,131,"Zobaczcie: Chwila relaksu z rodziną. #PJM #Głusi #life #lifestyle","#PJM #Głusi #life #lifestyle",2.62
403,2021-12-09,"muzeumslaskie",440,39,"Zobaczcie: Kino dostępne z napisami i pętlą. #Głusi #teatr #PJM #kultura","#Głusi #teatr #PJM #kultura",2.66
555,2021-12-09,"fundacja_kultura_bez_barier",311,40,"Cześć! Ważny komunikat Ministerstwa Zdrowia (tłumaczenie PJM). #pandemia #PJM #polskijezykmigowy #Deaf","#pandemia #PJM #polskijezykmigowy #Deaf",3.9
70,2021-12-14,"pan_od_pjm",140,21,"Zobaczcie: Teatr, który łączy światy. #dostępność #Głusi #teatr #społeczność","#dostępność #Głusi #teatr #społeczność",3.22
155,2021-12-16,"muzeumslaskie",168,3,"Cześć! Szczepienia - punkt dostępny z tłumaczem. #maseczki #koronawirus #Głusi #PJM","#maseczki #koronawirus #Głusi #PJM",0.95
537,2021-12-18,"muzeumslaskie",399,50,"Zobaczcie: Oprowadzanie w PJM po nowej wystawie. 🎨 #kultura #PJM #Głusi #muzeum","#kultura #PJM #Głusi #muzeum",2.49
114,2021-12-24,"swiat_gluchych",391,34,"Hej! Jak czytać z ruchu warg w maseczce? 😷 #pandemia #koronawirus #społeczność #zdrowie","#pandemia #koronawirus #społeczność #zdrowie",3.04
465,2021-12-30,"swiat_gluchych",218,12,"Cześć! Nowe statystyki dotyczące PJM w Polsce. #Głusi #PJM #news #Deaf","#Głusi #PJM #news #Deaf",1.64
164,2022-01-04,"migam_pl",704,41,"Ważne: Nasze tłumaczki są dostępne 24/7. #PJM #aplikacja #biznes #polskijezykmigowy","#PJM #aplikacja #biznes #polskijezykmigowy",2.07
354,2022-01-12,"pzg_zg",237,3,"Zobaczcie: Spotkanie społeczności w ten weekend. #społeczność #ngo #polskijezykmigowy #news","#społeczność #ngo #polskijezykmigowy #news",3.2
56,2022-01-25,"muzeumslaskie",524,54,"Hej! Sztuka nie potrzebuje słów, by wzruszać. #Głusi #dostępność #Deaf #teatr","#Głusi #dostępność #Deaf #teatr",3.21
420,2022-01-29,"migajaca_poezja",74,7,"Ważne: Teatr, który łączy światy. #teatr #Głusi #społeczność #sztuka","#teatr #Głusi #społeczność #sztuka",2.7
142,2022-01-31,"pan_od_pjm",127,3,"Ważne: Teatr, który łączy światy. #dostępność #Deaf #PJM #społeczność","#dostępność #Deaf #PJM #społeczność",2.6
234,2022-02-03,"swiat_gluchych",398,10,"Cześć! Wsparcie dla seniorów G/głuchych. #Głusi #polskijezykmigowy #społeczność #ngo","#Głusi #polskijezykmigowy #społeczność #ngo",2.91
364,2022-02-05,"fundacja_echo",76,3,"Ważne: Nowe statystyki dotyczące PJM w Polsce. #Deaf #news #Głusi #PJM","#Deaf #news #Głusi #PJM",1.76
547,2022-02-08,"unmute_pl",653,47,"Cześć! Teatr, który łączy światy. #kultura #PJM #teatr #sztuka","#kultura #PJM #teatr #sztuka",3.33
383,2022-02-09,"pzg_zg",150,13,"Hej! Ważne zmiany w przepisach dla osób z niepełnosprawnością. #Głusi #polskijezykmigowy #społeczność #ngo","#Głusi #polskijezykmigowy #społeczność #ngo",2.17
395,2022-02-12,"fundacja_kultura_bez_barier",153,6,"Hej! Sztuka nie potrzebuje słów, by wzruszać. #kultura #dostępność #muzeum #PJM","#kultura #dostępność #muzeum #PJM",1.77
345,2022-02-15,"muzeumslaskie",455,25,"Hej! Oprowadzanie w PJM po nowej wystawie. 🎨 #kultura #PJM #społeczność #Głusi","#kultura #PJM #społeczność #Głusi",2.67
438,2022-02-16,"pan_od_pjm",78,5,"Ważne: Warsztaty plastyczne dla dzieci niesłyszących. #sztuka #Głusi #muzeum #teatr","#sztuka #Głusi #muzeum #teatr",1.66
108,2022-03-04,"swiat_gluchych",222,27,"Ważne: Spotkanie społeczności w ten weekend. #Deaf #polskijezykmigowy #Głusi #prawa","#Deaf #polskijezykmigowy #Głusi #prawa",1.78
387,2022-03-09,"fundacja_kultura_bez_barier",244,27,"Hej! Sztuka nie potrzebuje słów, by wzruszać. #muzeum #Głusi #PJM #teatr","#muzeum #Głusi #PJM #teatr",3.01
590,2022-03-18,"migam_pl",932,84,"Hej! Wideotłumacz to przyszłość obsługi klienta. #tech #Deaf #innowacje #PJM","#tech #Deaf #innowacje #PJM",2.82
457,2022-03-23,"pzg_zg",107,13,"Zobaczcie: Sukces polskiej reprezentacji niesłyszących w sporcie! #polskijezykmigowy #PJM #prawa #Głusi","#polskijezykmigowy #PJM #prawa #Głusi",1.6
52,2022-03-24,"migam_pl",957,17,"Ważne: Nasze tłumaczki są dostępne 24/7. #startup #tech #polskijezykmigowy #PJM","#startup #tech #polskijezykmigowy #PJM",2.71
584,2022-03-27,"migam_pl",634,32,"Hej! Technologia łamie bariery komunikacyjne. #aplikacja #Głusi #Deaf #PJM","#aplikacja #Głusi #Deaf #PJM",1.85
80,2022-03-28,"fundacja_echo",73,6,"Hej! Nowe statystyki dotyczące PJM w Polsce. #Głusi #Deaf #prawa #społeczność","#Głusi #Deaf #prawa #społeczność",1.76
394,2022-04-06,"migajaca_poezja",48,2,"Hej! Teatr, który łączy światy. #Deaf #Głusi #dostępność #polskijezykmigowy","#Deaf #Głusi #dostępność #polskijezykmigowy",1.67
128,2022-04-09,"fundacja_kultura_bez_barier",182,13,"Zobaczcie: Teatr, który łączy światy. #muzeum #społeczność #Głusi #teatr","#muzeum #społeczność #Głusi #teatr",2.17
287,2022-04-19,"fundacja_echo",110,11,"Zobaczcie: Nowe statystyki dotyczące PJM w Polsce. #Deaf #news #prawa #PJM","#Deaf #news #prawa #PJM",2.69
106,2022-04-21,"fundacja_kultura_bez_barier",239,24,"Zobaczcie: Oprowadzanie w PJM po nowej wystawie. 🎨 #PJM #dostępność #społeczność #teatr","#PJM #dostępność #społeczność #teatr",2.92
81,2022-04-23,"swiat_gluchych",212,12,"Zobaczcie: Relacja z demonstracji w Warszawie. #prawa #polskijezykmigowy #PJM #ngo","#prawa #polskijezykmigowy #PJM #ngo",1.6
205,2022-05-02,"pzg_zg",265,5,"Hej! Walczymy o ustawę o języku migowym! 📜 #news #Głusi #społeczność #Deaf","#news #Głusi #społeczność #Deaf",3.6
209,2022-05-08,"fundacja_echo",108,12,"Ważne: Wsparcie dla seniorów G/głuchych. #prawa #Deaf #news #PJM","#prawa #Deaf #news #PJM",2.67
69,2022-05-09,"swiat_gluchych",330,12,"Zobaczcie: Zapraszamy na bezpłatne porady prawne. #Głusi #PJM #społeczność #news","#Głusi #PJM #społeczność #news",2.44
442,2022-05-09,"unmute_pl",608,48,"Hej! Oprowadzanie w PJM po nowej wystawie. 🎨 #kultura #teatr #dostępność #muzeum","#kultura #teatr #dostępność #muzeum",3.12
594,2022-05-09,"migam_pl",632,19,"Cześć! Technologia łamie bariery komunikacyjne. #społeczność #Deaf #startup #PJM","#społeczność #Deaf #startup #PJM",1.81
183,2022-05-10,"iwonacichosz",810,120,"Ważne: Dziś nagrywamy nowy projekt! 🎬 #life #lifestyle #Deaf #Głusi","#life #lifestyle #Deaf #Głusi",1.94
540,2022-05-12,"iwonacichosz",1370,61,"Ważne: Chwila relaksu z rodziną. #Deaf #polskijezykmigowy #PJM #actress","#Deaf #polskijezykmigowy #PJM #actress",2.98
36,2022-05-15,"muzeumslaskie",323,9,"Ważne: Kino dostępne z napisami i pętlą. #PJM #sztuka #teatr #muzeum","#PJM #sztuka #teatr #muzeum",1.84
325,2022-05-18,"pzg_zg",160,21,"Hej! Ważne zmiany w przepisach dla osób z niepełnosprawnością. #prawa #news #polskijezykmigowy #PJM","#prawa #news #polskijezykmigowy #PJM",2.41
171,2022-05-22,"pzg_zg",163,21,"Cześć! Walczymy o ustawę o języku migowym! 📜 #społeczność #ngo #Deaf #Głusi","#społeczność #ngo #Deaf #Głusi",2.45
181,2022-05-22,"migam_pl",946,38,"Hej! Wdrażamy tłumacza online w kolejnym banku! 🏦 #innowacje #biznes #Głusi #Deaf","#innowacje #biznes #Głusi #Deaf",2.73
449,2022-05-30,"muzeumslaskie",350,42,"Zobaczcie: Kino dostępne z napisami i pętlą. #muzeum #sztuka #społeczność #kultura","#muzeum #sztuka #społeczność #kultura",2.18
113,2022-05-31,"fundacja_kultura_bez_barier",138,7,"Ważne: Kino dostępne z napisami i pętlą. #Deaf #dostępność #Głusi #PJM","#Deaf #dostępność #Głusi #PJM",1.61
223,2022-06-10,"iwonacichosz",933,40,"Cześć! Bycie Głuchą to moja supermoc. #społeczność #Głusi #PJM #Deaf","#społeczność #Głusi #PJM #Deaf",2.03
486,2022-06-16,"pzg_zg",240,33,"Cześć! Wywiad z Ministrem o dostępności. #ngo #polskijezykmigowy #PJM #społeczność","#ngo #polskijezykmigowy #PJM #społeczność",3.64
9,2022-06-17,"muzeumslaskie",743,80,"Zobaczcie: Oprowadzanie w PJM po nowej wystawie. 🎨 #dostępność #Deaf #PJM #Głusi","#dostępność #Deaf #PJM #Głusi",4.57
326,2022-06-17,"fundacja_echo",117,4,"Hej! Wywiad z Ministrem o dostępności. #społeczność #Deaf #polskijezykmigowy #Głusi","#społeczność #Deaf #polskijezykmigowy #Głusi",2.69
533,2022-06-20,"swiat_gluchych",346,26,"Ważne: Spotkanie społeczności w ten weekend. #polskijezykmigowy #Deaf #news #prawa","#polskijezykmigowy #Deaf #news #prawa",2.66
580,2022-06-24,"fundacja_echo",121,10,"Zobaczcie: Relacja z demonstracji w Warszawie. #PJM #społeczność #Głusi #polskijezykmigowy","#PJM #społeczność #Głusi #polskijezykmigowy",2.91
415,2022-06-29,"migajaca_poezja",105,5,"Ważne: Oprowadzanie w PJM po nowej wystawie. 🎨 #społeczność #polskijezykmigowy #teatr #PJM","#społeczność #polskijezykmigowy #teatr #PJM",3.67
76,2022-07-10,"migam_pl",943,123,"Ważne: Wdrażamy tłumacza online w kolejnym banku! 🏦 #aplikacja #PJM #biznes #polskijezykmigowy","#aplikacja #PJM #biznes #polskijezykmigowy",2.96
551,2022-07-13,"fundacja_echo",89,7,"Cześć! Zapraszamy na bezpłatne porady prawne. #ngo #Głusi #polskijezykmigowy #PJM","#ngo #Głusi #polskijezykmigowy #PJM",2.13
288,2022-07-15,"unmute_pl",275,27,"Zobaczcie: Oprowadzanie w PJM po nowej wystawie. 🎨 #dostępność #muzeum #Głusi #PJM","#dostępność #muzeum #Głusi #PJM",1.44
166,2022-07-17,"unmute_pl",957,81,"Cześć! Warsztaty plastyczne dla dzieci niesłyszących. #Deaf #PJM #Głusi #kultura","#Deaf #PJM #Głusi #kultura",4.94
480,2022-07-19,"fundacja_kultura_bez_barier",93,2,"Hej! Oprowadzanie w PJM po nowej wystawie. 🎨 #teatr #społeczność #kultura #sztuka","#teatr #społeczność #kultura #sztuka",1.06
31,2022-07-20,"pzg_zg",197,2,"Ważne: Ważne zmiany w przepisach dla osób z niepełnosprawnością. #ngo #prawa #PJM #Deaf","#ngo #prawa #PJM #Deaf",2.65
583,2022-07-26,"unmute_pl",594,49,"Cześć! Teatr, który łączy światy. #sztuka #kultura #dostępność #społeczność","#sztuka #kultura #dostępność #społeczność",3.06
291,2022-08-04,"pzg_zg",173,15,"Zobaczcie: Ważne zmiany w przepisach dla osób z niepełnosprawnością. #polskijezykmigowy #społeczność #prawa #Deaf","#polskijezykmigowy #społeczność #prawa #Deaf",2.51
126,2022-08-13,"muzeumslaskie",487,47,"Cześć! Warsztaty plastyczne dla dzieci niesłyszących. #dostępność #sztuka #kultura #muzeum","#dostępność #sztuka #kultura #muzeum",2.97
526,2022-08-20,"pzg_zg",246,15,"Hej! Wsparcie dla seniorów G/głuchych. #prawa #polskijezykmigowy #ngo #news","#prawa #polskijezykmigowy #ngo #news",3.48
78,2022-08-28,"swiat_gluchych",439,59,"Zobaczcie: Wywiad z Ministrem o dostępności. #Głusi #prawa #Deaf #ngo","#Głusi #prawa #Deaf #ngo",3.56
549,2022-08-30,"migam_pl",1441,101,"Hej! Nasze tłumaczki są dostępne 24/7. #tech #aplikacja #biznes #społeczność","#tech #aplikacja #biznes #społeczność",4.28
565,2022-09-02,"migam_pl",993,125,"Cześć! Wideotłumacz to przyszłość obsługi klienta. #startup #aplikacja #biznes #PJM","#startup #aplikacja #biznes #PJM",3.11
15,2022-09-13,"migam_pl",578,65,"Ważne: Wdrażamy tłumacza online w kolejnym banku! 🏦 #aplikacja #innowacje #polskijezykmigowy #Deaf","#aplikacja #innowacje #polskijezykmigowy #Deaf",1.79
429,2022-09-13,"migajaca_poezja",54,6,"Zobaczcie: Oprowadzanie w PJM po nowej wystawie. 🎨 #teatr #sztuka #PJM #społeczność","#teatr #sztuka #PJM #społeczność",2
524,2022-09-17,"swiat_gluchych",370,40,"Hej! Wsparcie dla seniorów G/głuchych. #prawa #polskijezykmigowy #PJM #ngo","#prawa #polskijezykmigowy #PJM #ngo",2.93
557,2022-09-30,"swiat_gluchych",399,54,"Zobaczcie: Nowe statystyki dotyczące PJM w Polsce. #polskijezykmigowy #Głusi #Deaf #news","#polskijezykmigowy #Głusi #Deaf #news",3.24
46,2022-10-09,"muzeumslaskie",238,24,"Cześć! Teatr, który łączy światy. #Deaf #Głusi #teatr #PJM","#Deaf #Głusi #teatr #PJM",1.46
375,2022-10-17,"pan_od_pjm",140,4,"Cześć! Oprowadzanie w PJM po nowej wystawie. 🎨 #sztuka #PJM #społeczność #dostępność","#sztuka #PJM #społeczność #dostępność",2.88
163,2022-10-26,"fundacja_kultura_bez_barier",158,8,"Hej! Oprowadzanie w PJM po nowej wystawie. 🎨 #PJM #Głusi #polskijezykmigowy #teatr","#PJM #Głusi #polskijezykmigowy #teatr",1.84
412,2022-10-27,"unmute_pl",545,60,"Zobaczcie: Oprowadzanie w PJM po nowej wystawie. 🎨 #sztuka #społeczność #teatr #Deaf","#sztuka #społeczność #teatr #Deaf",2.88
102,2022-10-31,"fundacja_kultura_bez_barier",263,30,"Zobaczcie: Teatr, który łączy światy. #Głusi #polskijezykmigowy #dostępność #kultura","#Głusi #polskijezykmigowy #dostępność #kultura",3.26
77,2022-11-01,"muzeumslaskie",231,29,"Zobaczcie: Sztuka nie potrzebuje słów, by wzruszać. #społeczność #Głusi #dostępność #teatr","#społeczność #Głusi #dostępność #teatr",1.44
62,2022-11-18,"swiat_gluchych",348,9,"Ważne: Wywiad z Ministrem o dostępności. #PJM #Deaf #polskijezykmigowy #ngo","#PJM #Deaf #polskijezykmigowy #ngo",2.55
521,2022-11-22,"unmute_pl",347,29,"Zobaczcie: Warsztaty plastyczne dla dzieci niesłyszących. #społeczność #muzeum #teatr #dostępność","#społeczność #muzeum #teatr #dostępność",1.79
568,2022-11-23,"muzeumslaskie",660,31,"Hej! Sztuka nie potrzebuje słów, by wzruszać. #PJM #polskijezykmigowy #sztuka #teatr","#PJM #polskijezykmigowy #sztuka #teatr",3.84
356,2022-11-26,"migajaca_poezja",54,4,"Ważne: Kino dostępne z napisami i pętlą. #Deaf #PJM #Głusi #dostępność","#Deaf #PJM #Głusi #dostępność",1.93
460,2022-12-01,"migam_pl",833,99,"Cześć! Wideotłumacz to przyszłość obsługi klienta. #Głusi #Deaf #startup #tech","#Głusi #Deaf #startup #tech",2.59
153,2022-12-02,"muzeumslaskie",522,33,"Ważne: Kino dostępne z napisami i pętlą. #społeczność #teatr #sztuka #muzeum","#społeczność #teatr #sztuka #muzeum",3.08
160,2022-12-05,"fundacja_echo",110,11,"Cześć! Walczymy o ustawę o języku migowym! 📜 #polskijezykmigowy #Głusi #Deaf #ngo","#polskijezykmigowy #Głusi #Deaf #ngo",2.69
4,2022-12-12,"muzeumslaskie",457,5,"Ważne: Oprowadzanie w PJM po nowej wystawie. 🎨 #dostępność #kultura #Deaf #polskijezykmigowy","#dostępność #kultura #Deaf #polskijezykmigowy",2.57
509,2022-12-17,"iwonacichosz",585,69,"Hej! Macierzyństwo bez słów jest piękne. #PJM #społeczność #Głusi #actress","#PJM #społeczność #Głusi #actress",1.36
563,2022-12-21,"migam_pl",724,82,"Cześć! Nasze tłumaczki są dostępne 24/7. #innowacje #PJM #Deaf #aplikacja","#innowacje #PJM #Deaf #aplikacja",2.24
54,2022-12-22,"fundacja_kultura_bez_barier",226,11,"Ważne: Oprowadzanie w PJM po nowej wystawie. 🎨 #sztuka #kultura #Deaf #polskijezykmigowy","#sztuka #kultura #Deaf #polskijezykmigowy",2.63
175,2022-12-24,"migajaca_poezja",33,1,"Ważne: Sztuka nie potrzebuje słów, by wzruszać. #Głusi #muzeum #polskijezykmigowy #sztuka","#Głusi #muzeum #polskijezykmigowy #sztuka",1.13
40,2022-12-27,"pan_od_pjm",143,8,"Ważne: Teatr, który łączy światy. #kultura #polskijezykmigowy #społeczność #Deaf","#kultura #polskijezykmigowy #społeczność #Deaf",3.02
38,2022-12-28,"fundacja_kultura_bez_barier",273,3,"Ważne: Oprowadzanie w PJM po nowej wystawie. 🎨 #Głusi #Deaf #dostępność #społeczność","#Głusi #Deaf #dostępność #społeczność",3.07
217,2022-12-29,"pan_od_pjm",106,11,"Zobaczcie: Teatr, który łączy światy. #teatr #Głusi #Deaf #sztuka","#teatr #Głusi #Deaf #sztuka",2.34
371,2023-01-01,"iwonacichosz",695,43,"Cześć! Chwila relaksu z rodziną. #lifestyle #Głusi #społeczność #PJM","#lifestyle #Głusi #społeczność #PJM",1.54
140,2023-01-04,"migam_pl",981,121,"Hej! Wdrażamy tłumacza online w kolejnym banku! 🏦 #polskijezykmigowy #Deaf #tech #startup","#polskijezykmigowy #Deaf #tech #startup",3.06
32,2023-01-08,"pzg_zg",159,8,"Zobaczcie: Ważne zmiany w przepisach dla osób z niepełnosprawnością. #ngo #społeczność #PJM #news","#ngo #społeczność #PJM #news",2.23
379,2023-01-10,"swiat_gluchych",232,28,"Hej! Relacja z demonstracji w Warszawie. #PJM #Głusi #news #ngo","#PJM #Głusi #news #ngo",1.86
280,2023-01-12,"migajaca_poezja",73,5,"Hej! Kino dostępne z napisami i pętlą. #teatr #sztuka #PJM #Deaf","#teatr #sztuka #PJM #Deaf",2.6
241,2023-01-16,"migam_pl",884,130,"Ważne: Technologia łamie bariery komunikacyjne. #polskijezykmigowy #innowacje #Deaf #Głusi","#polskijezykmigowy #innowacje #Deaf #Głusi",2.82
18,2023-01-20,"pan_od_pjm",118,4,"Zobaczcie: Warsztaty plastyczne dla dzieci niesłyszących. #Głusi #dostępność #sztuka #muzeum","#Głusi #dostępność #sztuka #muzeum",2.44
131,2023-01-22,"swiat_gluchych",226,31,"Ważne: Domagamy się dostępności w urzędach. #prawa #Głusi #Deaf #ngo","#prawa #Głusi #Deaf #ngo",1.84
458,2023-01-25,"unmute_pl",607,18,"Cześć! Sztuka nie potrzebuje słów, by wzruszać. #społeczność #sztuka #polskijezykmigowy #kultura","#społeczność #sztuka #polskijezykmigowy #kultura",2.98
579,2023-01-26,"iwonacichosz",1717,63,"Hej! Relacja z czerwonego dywanu. #PJM #lifestyle #społeczność #Deaf","#PJM #lifestyle #społeczność #Deaf",3.71
230,2023-01-28,"migam_pl",1363,191,"Zobaczcie: Wideotłumacz to przyszłość obsługi klienta. #polskijezykmigowy #Głusi #startup #społeczność","#polskijezykmigowy #Głusi #startup #społeczność",4.32
6,2023-01-29,"swiat_gluchych",468,5,"Ważne: Sukces polskiej reprezentacji niesłyszących w sporcie! #ngo #prawa #polskijezykmigowy #PJM","#ngo #prawa #polskijezykmigowy #PJM",3.38
321,2023-01-31,"iwonacichosz",1382,136,"Cześć! Relacja z czerwonego dywanu. #PJM #Głusi #Deaf #lifestyle","#PJM #Głusi #Deaf #lifestyle",3.16
495,2023-02-04,"muzeumslaskie",421,28,"Ważne: Oprowadzanie w PJM po nowej wystawie. 🎨 #PJM #społeczność #Deaf #sztuka","#PJM #społeczność #Deaf #sztuka",2.49
588,2023-02-05,"fundacja_kultura_bez_barier",319,45,"Hej! Sztuka nie potrzebuje słów, by wzruszać. #teatr #muzeum #polskijezykmigowy #dostępność","#teatr #muzeum #polskijezykmigowy #dostępność",4.04
151,2023-02-06,"iwonacichosz",1478,29,"Zobaczcie: Chwila relaksu z rodziną. #polskijezykmigowy #actress #lifestyle #PJM","#polskijezykmigowy #actress #lifestyle #PJM",3.14
28,2023-02-13,"pan_od_pjm",96,13,"Ważne: Teatr, który łączy światy. #muzeum #Deaf #PJM #Głusi","#muzeum #Deaf #PJM #Głusi",2.18
290,2023-02-14,"pan_od_pjm",129,7,"Zobaczcie: Warsztaty plastyczne dla dzieci niesłyszących. #muzeum #Głusi #PJM #teatr","#muzeum #Głusi #PJM #teatr",2.72
570,2023-02-15,"iwonacichosz",1627,107,"Cześć! Macierzyństwo bez słów jest piękne. #polskijezykmigowy #Głusi #life #actress","#polskijezykmigowy #Głusi #life #actress",3.61
498,2023-02-20,"migam_pl",1200,131,"Hej! Nowa funkcja w naszej aplikacji. #Deaf #startup #aplikacja #społeczność","#Deaf #startup #aplikacja #społeczność",3.7
497,2023-03-07,"muzeumslaskie",886,87,"Cześć! Oprowadzanie w PJM po nowej wystawie. 🎨 #polskijezykmigowy #społeczność #kultura #Głusi","#polskijezykmigowy #społeczność #kultura #Głusi",5.41
470,2023-03-08,"unmute_pl",601,44,"Zobaczcie: Kino dostępne z napisami i pętlą. #polskijezykmigowy #PJM #Deaf #dostępność","#polskijezykmigowy #PJM #Deaf #dostępność",3.07
485,2023-03-10,"muzeumslaskie",575,77,"Cześć! Warsztaty plastyczne dla dzieci niesłyszących. #społeczność #kultura #teatr #dostępność","#społeczność #kultura #teatr #dostępność",3.62
529,2023-03-12,"muzeumslaskie",188,25,"Zobaczcie: Oprowadzanie w PJM po nowej wystawie. 🎨 #Deaf #społeczność #dostępność #Głusi","#Deaf #społeczność #dostępność #Głusi",1.18
587,2023-03-20,"swiat_gluchych",490,26,"Zobaczcie: Domagamy się dostępności w urzędach. #społeczność #Głusi #news #ngo","#społeczność #Głusi #news #ngo",3.69
212,2023-03-27,"pan_od_pjm",122,13,"Zobaczcie: Kino dostępne z napisami i pętlą. #kultura #społeczność #Głusi #muzeum","#kultura #społeczność #Głusi #muzeum",2.7
428,2023-03-30,"migajaca_poezja",52,4,"Cześć! Warsztaty plastyczne dla dzieci niesłyszących. #sztuka #Deaf #muzeum #Głusi","#sztuka #Deaf #muzeum #Głusi",1.87
591,2023-04-04,"fundacja_kultura_bez_barier",300,23,"Cześć! Sztuka nie potrzebuje słów, by wzruszać. #społeczność #Deaf #polskijezykmigowy #teatr","#społeczność #Deaf #polskijezykmigowy #teatr",3.59
25,2023-04-05,"migajaca_poezja",94,9,"Zobaczcie: Teatr, który łączy światy. #PJM #kultura #społeczność #Deaf","#PJM #kultura #społeczność #Deaf",3.43
505,2023-04-05,"fundacja_kultura_bez_barier",167,10,"Cześć! Warsztaty plastyczne dla dzieci niesłyszących. #Deaf #PJM #społeczność #polskijezykmigowy","#Deaf #PJM #społeczność #polskijezykmigowy",1.97
443,2023-04-08,"fundacja_kultura_bez_barier",86,7,"Hej! Kino dostępne z napisami i pętlą. #dostępność #społeczność #kultura #PJM","#dostępność #społeczność #kultura #PJM",1.03
410,2023-04-12,"unmute_pl",334,35,"Cześć! Kino dostępne z napisami i pętlą. #muzeum #sztuka #dostępność #PJM","#muzeum #sztuka #dostępność #PJM",1.76
347,2023-04-13,"fundacja_echo",151,4,"Hej! Spotkanie społeczności w ten weekend. #polskijezykmigowy #społeczność #ngo #prawa","#polskijezykmigowy #społeczność #ngo #prawa",3.44
523,2023-04-15,"migajaca_poezja",86,5,"Ważne: Teatr, który łączy światy. #teatr #kultura #Głusi #sztuka","#teatr #kultura #Głusi #sztuka",3.03
16,2023-04-16,"unmute_pl",343,38,"Cześć! Warsztaty plastyczne dla dzieci niesłyszących. #społeczność #dostępność #Głusi #sztuka","#społeczność #dostępność #Głusi #sztuka",1.81
382,2023-04-16,"unmute_pl",836,10,"Zobaczcie: Warsztaty plastyczne dla dzieci niesłyszących. #dostępność #muzeum #społeczność #PJM","#dostępność #muzeum #społeczność #PJM",4.03
156,2023-04-17,"iwonacichosz",1233,111,"Hej! Dziś nagrywamy nowy projekt! 🎬 #lifestyle #społeczność #Deaf #PJM","#lifestyle #społeczność #Deaf #PJM",2.8
437,2023-04-23,"fundacja_kultura_bez_barier",334,22,"Hej! Teatr, który łączy światy. #Deaf #PJM #polskijezykmigowy #społeczność","#Deaf #PJM #polskijezykmigowy #społeczność",3.96
150,2023-04-26,"fundacja_kultura_bez_barier",285,13,"Ważne: Kino dostępne z napisami i pętlą. #Deaf #kultura #sztuka #teatr","#Deaf #kultura #sztuka #teatr",3.31
596,2023-04-26,"fundacja_echo",53,3,"Hej! Domagamy się dostępności w urzędach. #społeczność #prawa #news #PJM","#społeczność #prawa #news #PJM",1.24
57,2023-05-05,"muzeumslaskie",518,7,"Zobaczcie: Teatr, który łączy światy. #muzeum #polskijezykmigowy #sztuka #społeczność","#muzeum #polskijezykmigowy #sztuka #społeczność",2.92
425,2023-05-09,"iwonacichosz",761,112,"Hej! Dziś nagrywamy nowy projekt! 🎬 #lifestyle #PJM #life #actress","#lifestyle #PJM #life #actress",1.82
433,2023-05-12,"iwonacichosz",920,106,"Cześć! Macierzyństwo bez słów jest piękne. #lifestyle #Deaf #PJM #Głusi","#lifestyle #Deaf #PJM #Głusi",2.14
115,2023-05-15,"migam_pl",796,105,"Zobaczcie: Nasze tłumaczki są dostępne 24/7. #PJM #Głusi #startup #społeczność","#PJM #Głusi #startup #społeczność",2.5
13,2023-05-28,"muzeumslaskie",297,25,"Zobaczcie: Teatr, który łączy światy. #społeczność #dostępność #polskijezykmigowy #muzeum","#społeczność #dostępność #polskijezykmigowy #muzeum",1.79
478,2023-05-28,"iwonacichosz",762,51,"Cześć! Macierzyństwo bez słów jest piękne. #lifestyle #społeczność #Deaf #actress","#lifestyle #społeczność #Deaf #actress",1.69
193,2023-05-31,"migajaca_poezja",67,9,"Zobaczcie: Teatr, który łączy światy. #kultura #sztuka #dostępność #PJM","#kultura #sztuka #dostępność #PJM",2.53
334,2023-06-06,"fundacja_echo",132,15,"Zobaczcie: Wywiad z Ministrem o dostępności. #polskijezykmigowy #prawa #PJM #Deaf","#polskijezykmigowy #prawa #PJM #Deaf",3.27
435,2023-06-09,"swiat_gluchych",355,26,"Hej! Spotkanie społeczności w ten weekend. #ngo #społeczność #Deaf #PJM","#ngo #społeczność #Deaf #PJM",2.72
186,2023-06-10,"migajaca_poezja",82,5,"Ważne: Warsztaty plastyczne dla dzieci niesłyszących. #sztuka #kultura #dostępność #Deaf","#sztuka #kultura #dostępność #Deaf",2.9
250,2023-06-10,"migajaca_poezja",122,5,"Zobaczcie: Sztuka nie potrzebuje słów, by wzruszać. #PJM #sztuka #kultura #dostępność","#PJM #sztuka #kultura #dostępność",4.23
1,2023-06-17,"iwonacichosz",1261,186,"Cześć! Macierzyństwo bez słów jest piękne. #PJM #lifestyle #actress #life","#PJM #lifestyle #actress #life",3.01
266,2023-06-24,"iwonacichosz",1463,165,"Cześć! Macierzyństwo bez słów jest piękne. #społeczność #PJM #life #Głusi","#społeczność #PJM #life #Głusi",3.39
12,2023-07-01,"migam_pl",1092,31,"Cześć! Wdrażamy tłumacza online w kolejnym banku! 🏦 #Deaf #Głusi #biznes #aplikacja","#Deaf #Głusi #biznes #aplikacja",3.12
243,2023-07-01,"fundacja_kultura_bez_barier",212,21,"Zobaczcie: Sztuka nie potrzebuje słów, by wzruszać. #sztuka #Głusi #Deaf #muzeum","#sztuka #Głusi #Deaf #muzeum",2.59
390,2023-07-01,"fundacja_echo",94,1,"Ważne: Nowe statystyki dotyczące PJM w Polsce. #Głusi #PJM #prawa #społeczność","#Głusi #PJM #prawa #społeczność",2.11
341,2023-07-05,"unmute_pl",346,44,"Hej! Teatr, który łączy światy. #muzeum #kultura #Głusi #dostępność","#muzeum #kultura #Głusi #dostępność",1.86
342,2023-07-07,"pan_od_pjm",193,22,"Hej! Oprowadzanie w PJM po nowej wystawie. 🎨 #sztuka #teatr #muzeum #dostępność","#sztuka #teatr #muzeum #dostępność",4.3
535,2023-07-15,"unmute_pl",628,17,"Ważne: Oprowadzanie w PJM po nowej wystawie. 🎨 #muzeum #Głusi #polskijezykmigowy #społeczność","#muzeum #Głusi #polskijezykmigowy #społeczność",3.07
27,2023-07-17,"iwonacichosz",1227,143,"Cześć! Macierzyństwo bez słów jest piękne. #Deaf #lifestyle #life #PJM","#Deaf #lifestyle #life #PJM",2.85
349,2023-07-17,"fundacja_kultura_bez_barier",123,7,"Cześć! Sztuka nie potrzebuje słów, by wzruszać. #sztuka #dostępność #teatr #muzeum","#sztuka #dostępność #teatr #muzeum",1.44
569,2023-07-18,"fundacja_kultura_bez_barier",100,2,"Hej! Oprowadzanie w PJM po nowej wystawie. 🎨 #sztuka #Głusi #muzeum #PJM","#sztuka #Głusi #muzeum #PJM",1.13
152,2023-07-26,"swiat_gluchych",532,61,"Ważne: Wywiad z Ministrem o dostępności. #polskijezykmigowy #prawa #społeczność #Deaf","#polskijezykmigowy #prawa #społeczność #Deaf",4.24
285,2023-07-26,"fundacja_echo",105,1,"Hej! Zapraszamy na bezpłatne porady prawne. #news #społeczność #prawa #ngo","#news #społeczność #prawa #ngo",2.36
84,2023-07-28,"iwonacichosz",1010,61,"Ważne: Dziś nagrywamy nowy projekt! 🎬 #społeczność #polskijezykmigowy #life #PJM","#społeczność #polskijezykmigowy #life #PJM",2.23
169,2023-07-31,"fundacja_echo",137,17,"Cześć! Sukces polskiej reprezentacji niesłyszących w sporcie! #PJM #ngo #polskijezykmigowy #prawa","#PJM #ngo #polskijezykmigowy #prawa",3.42
331,2023-08-03,"swiat_gluchych",394,13,"Zobaczcie: Spotkanie społeczności w ten weekend. #Głusi #polskijezykmigowy #PJM #news","#Głusi #polskijezykmigowy #PJM #news",2.91
448,2023-08-05,"fundacja_echo",120,16,"Cześć! Nowe statystyki dotyczące PJM w Polsce. #polskijezykmigowy #społeczność #Deaf #news","#polskijezykmigowy #społeczność #Deaf #news",3.02
10,2023-08-06,"muzeumslaskie",810,39,"Ważne: Sztuka nie potrzebuje słów, by wzruszać. #teatr #PJM #muzeum #polskijezykmigowy","#teatr #PJM #muzeum #polskijezykmigowy",4.72
259,2023-08-08,"pzg_zg",196,4,"Hej! Wsparcie dla seniorów G/głuchych. #news #Deaf #polskijezykmigowy #ngo","#news #Deaf #polskijezykmigowy #ngo",2.67
204,2023-08-12,"fundacja_kultura_bez_barier",180,9,"Hej! Warsztaty plastyczne dla dzieci niesłyszących. #Głusi #społeczność #PJM #teatr","#Głusi #społeczność #PJM #teatr",2.1
405,2023-08-12,"fundacja_kultura_bez_barier",274,23,"Hej! Teatr, który łączy światy. #Głusi #Deaf #teatr #społeczność","#Głusi #Deaf #teatr #społeczność",3.3
110,2023-08-13,"migam_pl",1391,200,"Hej! Nowa funkcja w naszej aplikacji. #aplikacja #tech #startup #Deaf","#aplikacja #tech #startup #Deaf",4.42
7,2023-08-18,"fundacja_kultura_bez_barier",280,32,"Hej! Teatr, który łączy światy. #kultura #Deaf #sztuka #PJM","#kultura #Deaf #sztuka #PJM",3.47
26,2023-08-20,"pzg_zg",253,31,"Hej! Walczymy o ustawę o języku migowym! 📜 #prawa #Głusi #PJM #news","#prawa #Głusi #PJM #news",3.79
129,2023-08-25,"muzeumslaskie",603,88,"Hej! Kino dostępne z napisami i pętlą. #kultura #sztuka #dostępność #społeczność","#kultura #sztuka #dostępność #społeczność",3.84
373,2023-08-26,"migajaca_poezja",51,4,"Ważne: Kino dostępne z napisami i pętlą. #polskijezykmigowy #społeczność #dostępność #teatr","#polskijezykmigowy #społeczność #dostępność #teatr",1.83
247,2023-08-29,"unmute_pl",668,85,"Hej! Warsztaty plastyczne dla dzieci niesłyszących. #muzeum #kultura #polskijezykmigowy #sztuka","#muzeum #kultura #polskijezykmigowy #sztuka",3.59
275,2023-08-30,"fundacja_kultura_bez_barier",166,13,"Ważne: Warsztaty plastyczne dla dzieci niesłyszących. #teatr #Głusi #muzeum #sztuka","#teatr #Głusi #muzeum #sztuka",1.99
313,2023-08-31,"iwonacichosz",1214,112,"Hej! Chwila relaksu z rodziną. #Głusi #life #Deaf #PJM","#Głusi #life #Deaf #PJM",2.76
211,2023-09-08,"fundacja_echo",124,10,"Zobaczcie: Relacja z demonstracji w Warszawie. #Deaf #Głusi #polskijezykmigowy #ngo","#Deaf #Głusi #polskijezykmigowy #ngo",2.98
366,2023-09-09,"fundacja_echo",127,13,"Zobaczcie: Wsparcie dla seniorów G/głuchych. #Głusi #społeczność #ngo #news","#Głusi #społeczność #ngo #news",3.11
511,2023-09-11,"pzg_zg",185,10,"Hej! Sukces polskiej reprezentacji niesłyszących w sporcie! #prawa #Głusi #polskijezykmigowy #Deaf","#prawa #Głusi #polskijezykmigowy #Deaf",2.6
378,2023-09-12,"migam_pl",689,64,"Zobaczcie: Nasze tłumaczki są dostępne 24/7. #tech #Głusi #biznes #startup","#tech #Głusi #biznes #startup",2.09
463,2023-09-13,"pzg_zg",227,11,"Hej! Spotkanie społeczności w ten weekend. #prawa #Głusi #społeczność #PJM","#prawa #Głusi #społeczność #PJM",3.17
64,2023-09-16,"pzg_zg",205,14,"Hej! Spotkanie społeczności w ten weekend. #ngo #polskijezykmigowy #Głusi #społeczność","#ngo #polskijezykmigowy #Głusi #społeczność",2.92
210,2023-09-16,"pzg_zg",113,10,"Hej! Sukces polskiej reprezentacji niesłyszących w sporcie! #społeczność #PJM #polskijezykmigowy #Głusi","#społeczność #PJM #polskijezykmigowy #Głusi",1.64
466,2023-09-19,"migam_pl",1119,67,"Cześć! Wdrażamy tłumacza online w kolejnym banku! 🏦 #tech #polskijezykmigowy #społeczność #aplikacja","#tech #polskijezykmigowy #społeczność #aplikacja",3.29
281,2023-09-22,"iwonacichosz",952,21,"Hej! Dziś nagrywamy nowy projekt! 🎬 #Głusi #Deaf #polskijezykmigowy #life","#Głusi #Deaf #polskijezykmigowy #life",2.03
264,2023-09-24,"iwonacichosz",1496,71,"Cześć! Bycie Głuchą to moja supermoc. #lifestyle #społeczność #actress #PJM","#lifestyle #społeczność #actress #PJM",3.26
289,2023-09-24,"swiat_gluchych",335,30,"Hej! Wywiad z Ministrem o dostępności. #prawa #ngo #Deaf #społeczność","#prawa #ngo #Deaf #społeczność",2.61
146,2023-10-05,"pan_od_pjm",104,14,"Hej! Oprowadzanie w PJM po nowej wystawie. 🎨 #PJM #kultura #społeczność #Deaf","#PJM #kultura #społeczność #Deaf",2.36
327,2023-10-13,"migajaca_poezja",108,4,"Cześć! Kino dostępne z napisami i pętlą. #teatr #PJM #muzeum #Deaf","#teatr #PJM #muzeum #Deaf",3.73
408,2023-10-13,"pan_od_pjm",132,5,"Hej! Sztuka nie potrzebuje słów, by wzruszać. #dostępność #teatr #polskijezykmigowy #kultura","#dostępność #teatr #polskijezykmigowy #kultura",2.74
558,2023-10-17,"iwonacichosz",556,61,"Cześć! Bycie Głuchą to moja supermoc. #Głusi #lifestyle #polskijezykmigowy #PJM","#Głusi #lifestyle #polskijezykmigowy #PJM",1.29
360,2023-10-27,"pan_od_pjm",94,14,"Hej! Warsztaty plastyczne dla dzieci niesłyszących. #Deaf #sztuka #dostępność #PJM","#Deaf #sztuka #dostępność #PJM",2.16
530,2023-10-27,"swiat_gluchych",149,14,"Hej! Relacja z demonstracji w Warszawie. #prawa #polskijezykmigowy #Deaf #news","#prawa #polskijezykmigowy #Deaf #news",1.16
467,2023-10-29,"pan_od_pjm",165,18,"Ważne: Sztuka nie potrzebuje słów, by wzruszać. #sztuka #PJM #teatr #Deaf","#sztuka #PJM #teatr #Deaf",3.66
176,2023-10-30,"unmute_pl",595,26,"Cześć! Teatr, który łączy światy. #muzeum #Głusi #PJM #polskijezykmigowy","#muzeum #Głusi #PJM #polskijezykmigowy",2.96
272,2023-11-01,"pzg_zg",205,25,"Ważne: Wywiad z Ministrem o dostępności. #społeczność #news #PJM #Głusi","#społeczność #news #PJM #Głusi",3.07
277,2023-11-03,"unmute_pl",906,30,"Zobaczcie: Oprowadzanie w PJM po nowej wystawie. 🎨 #społeczność #sztuka #kultura #Deaf","#społeczność #sztuka #kultura #Deaf",4.46
388,2023-11-09,"fundacja_echo",104,4,"Ważne: Wywiad z Ministrem o dostępności. #PJM #prawa #społeczność #ngo","#PJM #prawa #społeczność #ngo",2.4
189,2023-11-10,"unmute_pl",651,22,"Cześć! Oprowadzanie w PJM po nowej wystawie. 🎨 #sztuka #kultura #dostępność #Deaf","#sztuka #kultura #dostępność #Deaf",3.2
278,2023-11-17,"unmute_pl",665,72,"Hej! Kino dostępne z napisami i pętlą. #kultura #dostępność #polskijezykmigowy #Deaf","#kultura #dostępność #polskijezykmigowy #Deaf",3.51
143,2023-11-21,"migam_pl",486,15,"Cześć! Nowa funkcja w naszej aplikacji. #Deaf #społeczność #PJM #aplikacja","#Deaf #społeczność #PJM #aplikacja",1.39
86,2023-11-24,"unmute_pl",800,69,"Ważne: Teatr, który łączy światy. #społeczność #muzeum #Głusi #dostępność","#społeczność #muzeum #Głusi #dostępność",4.14
544,2023-11-29,"pan_od_pjm",121,11,"Ważne: Warsztaty plastyczne dla dzieci niesłyszących. #sztuka #muzeum #Deaf #teatr","#sztuka #muzeum #Deaf #teatr",2.64
418,2023-12-05,"iwonacichosz",1011,16,"Zobaczcie: Macierzyństwo bez słów jest piękne. #Deaf #actress #lifestyle #Głusi","#Deaf #actress #lifestyle #Głusi",2.14
137,2023-12-15,"swiat_gluchych",461,45,"Ważne: Sukces polskiej reprezentacji niesłyszących w sporcie! #PJM #news #prawa #społeczność","#PJM #news #prawa #społeczność",3.61
24,2023-12-18,"unmute_pl",498,24,"Hej! Warsztaty plastyczne dla dzieci niesłyszących. #polskijezykmigowy #społeczność #kultura #Głusi","#polskijezykmigowy #społeczność #kultura #Głusi",2.49
238,2023-12-19,"migam_pl",698,28,"Zobaczcie: Technologia łamie bariery komunikacyjne. #tech #społeczność #biznes #polskijezykmigowy","#tech #społeczność #biznes #polskijezykmigowy",2.02
310,2023-12-20,"swiat_gluchych",380,37,"Zobaczcie: Walczymy o ustawę o języku migowym! 📜 #społeczność #PJM #news #ngo","#społeczność #PJM #news #ngo",2.98
491,2023-12-29,"pzg_zg",263,39,"Zobaczcie: Zapraszamy na bezpłatne porady prawne. #Głusi #społeczność #polskijezykmigowy #PJM","#Głusi #społeczność #polskijezykmigowy #PJM",4.03
305,2023-12-31,"unmute_pl",596,16,"Zobaczcie: Warsztaty plastyczne dla dzieci niesłyszących. #dostępność #polskijezykmigowy #kultura #Głusi","#dostępność #polskijezykmigowy #kultura #Głusi",2.91
546,2023-12-31,"fundacja_kultura_bez_barier",152,4,"Ważne: Oprowadzanie w PJM po nowej wystawie. 🎨 #teatr #polskijezykmigowy #Deaf #sztuka","#teatr #polskijezykmigowy #Deaf #sztuka",1.73
319,2024-01-07,"unmute_pl",843,49,"Hej! Teatr, który łączy światy. #dostępność #sztuka #muzeum #Deaf","#dostępność #sztuka #muzeum #Deaf",4.25
134,2024-01-09,"migam_pl",707,82,"Cześć! Wideotłumacz to przyszłość obsługi klienta. #startup #Deaf #tech #innowacje","#startup #Deaf #tech #innowacje",2.19
158,2024-01-18,"fundacja_kultura_bez_barier",245,12,"Zobaczcie: Teatr, który łączy światy. #muzeum #dostępność #Deaf #polskijezykmigowy","#muzeum #dostępność #Deaf #polskijezykmigowy",2.86
318,2024-01-18,"fundacja_echo",106,6,"Ważne: Zapraszamy na bezpłatne porady prawne. #społeczność #ngo #prawa #Deaf","#społeczność #ngo #prawa #Deaf",2.49
148,2024-01-20,"migajaca_poezja",68,2,"Hej! Warsztaty plastyczne dla dzieci niesłyszących. #PJM #polskijezykmigowy #społeczność #Deaf","#PJM #polskijezykmigowy #społeczność #Deaf",2.33
37,2024-01-31,"fundacja_echo",146,19,"Zobaczcie: Spotkanie społeczności w ten weekend. #news #PJM #prawa #ngo","#news #PJM #prawa #ngo",3.67
286,2024-02-16,"pzg_zg",189,19,"Zobaczcie: Wywiad z Ministrem o dostępności. #polskijezykmigowy #news #Deaf #ngo","#polskijezykmigowy #news #Deaf #ngo",2.77
269,2024-02-19,"pan_od_pjm",174,10,"Hej! Warsztaty plastyczne dla dzieci niesłyszących. #Deaf #teatr #dostępność #kultura","#Deaf #teatr #dostępność #kultura",3.68
517,2024-02-22,"iwonacichosz",911,19,"Ważne: Dziś nagrywamy nowy projekt! 🎬 #actress #lifestyle #PJM #life","#actress #lifestyle #PJM #life",1.94
459,2024-02-23,"fundacja_kultura_bez_barier",140,11,"Zobaczcie: Kino dostępne z napisami i pętlą. #dostępność #PJM #sztuka #społeczność","#dostępność #PJM #sztuka #społeczność",1.68
232,2024-02-26,"fundacja_echo",176,22,"Ważne: Domagamy się dostępności w urzędach. #Głusi #polskijezykmigowy #PJM #społeczność","#Głusi #polskijezykmigowy #PJM #społeczność",4.4
100,2024-02-28,"iwonacichosz",1701,239,"Cześć! Dziś nagrywamy nowy projekt! 🎬 #Deaf #lifestyle #life #PJM","#Deaf #lifestyle #life #PJM",4.04
389,2024-02-28,"muzeumslaskie",293,26,"Ważne: Sztuka nie potrzebuje słów, by wzruszać. #Głusi #teatr #Deaf #PJM","#Głusi #teatr #Deaf #PJM",1.77
273,2024-02-29,"swiat_gluchych",386,6,"Hej! Relacja z demonstracji w Warszawie. #news #prawa #ngo #Głusi","#news #prawa #ngo #Głusi",2.8
515,2024-03-03,"migajaca_poezja",113,10,"Zobaczcie: Sztuka nie potrzebuje słów, by wzruszać. #dostępność #społeczność #kultura #teatr","#dostępność #społeczność #kultura #teatr",4.1
461,2024-03-10,"unmute_pl",952,133,"Cześć! Sztuka nie potrzebuje słów, by wzruszać. #PJM #Deaf #polskijezykmigowy #społeczność","#PJM #Deaf #polskijezykmigowy #społeczność",5.17
41,2024-03-12,"migajaca_poezja",80,10,"Cześć! Sztuka nie potrzebuje słów, by wzruszać. #muzeum #dostępność #PJM #polskijezykmigowy","#muzeum #dostępność #PJM #polskijezykmigowy",3
452,2024-03-12,"fundacja_kultura_bez_barier",242,24,"Hej! Warsztaty plastyczne dla dzieci niesłyszących. #kultura #PJM #muzeum #Deaf","#kultura #PJM #muzeum #Deaf",2.96
406,2024-03-13,"muzeumslaskie",400,53,"Hej! Oprowadzanie w PJM po nowej wystawie. 🎨 #Głusi #kultura #muzeum #społeczność","#Głusi #kultura #muzeum #społeczność",2.52
88,2024-03-16,"iwonacichosz",1299,18,"Hej! Relacja z czerwonego dywanu. #Głusi #społeczność #life #polskijezykmigowy","#Głusi #społeczność #life #polskijezykmigowy",2.74
571,2024-03-18,"swiat_gluchych",227,25,"Hej! Wsparcie dla seniorów G/głuchych. #Głusi #ngo #społeczność #prawa","#Głusi #ngo #społeczność #prawa",1.8
60,2024-03-22,"pzg_zg",70,10,"Cześć! Spotkanie społeczności w ten weekend. #Deaf #news #ngo #polskijezykmigowy","#Deaf #news #ngo #polskijezykmigowy",1.07
407,2024-04-01,"muzeumslaskie",357,38,"Hej! Kino dostępne z napisami i pętlą. #Deaf #polskijezykmigowy #muzeum #dostępność","#Deaf #polskijezykmigowy #muzeum #dostępność",2.19
372,2024-04-11,"iwonacichosz",1334,155,"Ważne: Macierzyństwo bez słów jest piękne. #actress #polskijezykmigowy #life #lifestyle","#actress #polskijezykmigowy #life #lifestyle",3.1
464,2024-04-16,"migam_pl",581,52,"Cześć! Nowa funkcja w naszej aplikacji. #aplikacja #innowacje #startup #biznes","#aplikacja #innowacje #startup #biznes",1.76
312,2024-04-17,"migajaca_poezja",77,9,"Hej! Sztuka nie potrzebuje słów, by wzruszać. #dostępność #polskijezykmigowy #społeczność #teatr","#dostępność #polskijezykmigowy #społeczność #teatr",2.87
138,2024-04-18,"fundacja_kultura_bez_barier",325,7,"Ważne: Teatr, który łączy światy. #Deaf #dostępność #kultura #społeczność","#Deaf #dostępność #kultura #społeczność",3.69
147,2024-04-19,"migajaca_poezja",110,1,"Ważne: Oprowadzanie w PJM po nowej wystawie. 🎨 #muzeum #PJM #teatr #Głusi","#muzeum #PJM #teatr #Głusi",3.7
35,2024-04-20,"unmute_pl",588,83,"Ważne: Kino dostępne z napisami i pętlą. #polskijezykmigowy #Głusi #PJM #dostępność","#polskijezykmigowy #Głusi #PJM #dostępność",3.2
248,2024-04-22,"muzeumslaskie",483,18,"Hej! Teatr, który łączy światy. #muzeum #dostępność #teatr #społeczność","#muzeum #dostępność #teatr #społeczność",2.78
111,2024-04-23,"pzg_zg",166,8,"Cześć! Wsparcie dla seniorów G/głuchych. #Głusi #news #ngo #społeczność","#Głusi #news #ngo #społeczność",2.32
560,2024-04-26,"migajaca_poezja",65,1,"Zobaczcie: Oprowadzanie w PJM po nowej wystawie. 🎨 #PJM #Głusi #sztuka #Deaf","#PJM #Głusi #sztuka #Deaf",2.2
103,2024-05-01,"pan_od_pjm",95,9,"Cześć! Oprowadzanie w PJM po nowej wystawie. 🎨 #teatr #społeczność #PJM #polskijezykmigowy","#teatr #społeczność #PJM #polskijezykmigowy",2.08
397,2024-05-02,"unmute_pl",839,34,"Hej! Kino dostępne z napisami i pętlą. #dostępność #Deaf #Głusi #PJM","#dostępność #Deaf #Głusi #PJM",4.16
284,2024-05-04,"migam_pl",848,85,"Cześć! Nowa funkcja w naszej aplikacji. #Deaf #PJM #aplikacja #biznes","#Deaf #PJM #aplikacja #biznes",2.59
235,2024-05-05,"fundacja_kultura_bez_barier",335,11,"Hej! Sztuka nie potrzebuje słów, by wzruszać. #kultura #muzeum #Głusi #polskijezykmigowy","#kultura #muzeum #Głusi #polskijezykmigowy",3.84
552,2024-05-18,"pan_od_pjm",196,15,"Hej! Warsztaty plastyczne dla dzieci niesłyszących. #PJM #kultura #sztuka #dostępność","#PJM #kultura #sztuka #dostępność",4.22
324,2024-05-23,"fundacja_echo",112,16,"Hej! Walczymy o ustawę o języku migowym! 📜 #Głusi #społeczność #prawa #Deaf","#Głusi #społeczność #prawa #Deaf",2.84
59,2024-05-27,"pzg_zg",180,8,"Cześć! Nowe statystyki dotyczące PJM w Polsce. #prawa #społeczność #ngo #polskijezykmigowy","#prawa #społeczność #ngo #polskijezykmigowy",2.51
538,2024-05-27,"fundacja_echo",73,8,"Ważne: Domagamy się dostępności w urzędach. #news #prawa #społeczność #PJM","#news #prawa #społeczność #PJM",1.8
55,2024-06-07,"migam_pl",844,84,"Ważne: Nasze tłumaczki są dostępne 24/7. #polskijezykmigowy #Deaf #startup #innowacje","#polskijezykmigowy #Deaf #startup #innowacje",2.58
191,2024-06-07,"fundacja_kultura_bez_barier",180,14,"Zobaczcie: Oprowadzanie w PJM po nowej wystawie. 🎨 #kultura #muzeum #PJM #polskijezykmigowy","#kultura #muzeum #PJM #polskijezykmigowy",2.16
340,2024-06-07,"iwonacichosz",795,107,"Zobaczcie: Chwila relaksu z rodziną. #polskijezykmigowy #life #actress #Deaf","#polskijezykmigowy #life #actress #Deaf",1.88
367,2024-06-18,"fundacja_kultura_bez_barier",217,23,"Ważne: Sztuka nie potrzebuje słów, by wzruszać. #Deaf #kultura #dostępność #muzeum","#Deaf #kultura #dostępność #muzeum",2.67
72,2024-06-20,"migam_pl",403,34,"Cześć! Nowa funkcja w naszej aplikacji. #PJM #innowacje #startup #polskijezykmigowy","#PJM #innowacje #startup #polskijezykmigowy",1.21
119,2024-06-23,"swiat_gluchych",185,25,"Zobaczcie: Wywiad z Ministrem o dostępności. #polskijezykmigowy #Deaf #Głusi #społeczność","#polskijezykmigowy #Deaf #Głusi #społeczność",1.5
141,2024-06-28,"migajaca_poezja",77,7,"Ważne: Teatr, który łączy światy. #sztuka #muzeum #społeczność #Deaf","#sztuka #muzeum #społeczność #Deaf",2.8
197,2024-07-02,"swiat_gluchych",487,19,"Ważne: Spotkanie społeczności w ten weekend. #ngo #PJM #polskijezykmigowy #Deaf","#ngo #PJM #polskijezykmigowy #Deaf",3.61
116,2024-07-06,"fundacja_kultura_bez_barier",226,25,"Hej! Sztuka nie potrzebuje słów, by wzruszać. #sztuka #muzeum #teatr #kultura","#sztuka #muzeum #teatr #kultura",2.79
589,2024-07-06,"pzg_zg",249,6,"Cześć! Wywiad z Ministrem o dostępności. #news #Deaf #polskijezykmigowy #Głusi","#news #Deaf #polskijezykmigowy #Głusi",3.4
300,2024-07-08,"iwonacichosz",1727,169,"Cześć! Bycie Głuchą to moja supermoc. #life #społeczność #actress #Głusi","#life #społeczność #actress #Głusi",3.95
83,2024-07-09,"fundacja_kultura_bez_barier",247,7,"Zobaczcie: Sztuka nie potrzebuje słów, by wzruszać. #sztuka #teatr #Głusi #kultura","#sztuka #teatr #Głusi #kultura",2.82
92,2024-07-14,"fundacja_echo",157,19,"Cześć! Zapraszamy na bezpłatne porady prawne. #społeczność #polskijezykmigowy #prawa #news","#społeczność #polskijezykmigowy #prawa #news",3.91
444,2024-07-14,"fundacja_echo",66,8,"Cześć! Wsparcie dla seniorów G/głuchych. #społeczność #Deaf #prawa #PJM","#społeczność #Deaf #prawa #PJM",1.64
165,2024-07-15,"pzg_zg",215,10,"Zobaczcie: Walczymy o ustawę o języku migowym! 📜 #ngo #prawa #Deaf #polskijezykmigowy","#ngo #prawa #Deaf #polskijezykmigowy",3
336,2024-07-16,"migajaca_poezja",75,8,"Hej! Oprowadzanie w PJM po nowej wystawie. 🎨 #kultura #Głusi #PJM #polskijezykmigowy","#kultura #Głusi #PJM #polskijezykmigowy",2.77
374,2024-07-16,"pzg_zg",262,8,"Hej! Wywiad z Ministrem o dostępności. #społeczność #PJM #prawa #polskijezykmigowy","#społeczność #PJM #prawa #polskijezykmigowy",3.6
399,2024-07-23,"unmute_pl",571,53,"Ważne: Warsztaty plastyczne dla dzieci niesłyszących. #muzeum #Deaf #PJM #teatr","#muzeum #Deaf #PJM #teatr",2.97
417,2024-07-23,"migam_pl",724,32,"Hej! Wdrażamy tłumacza online w kolejnym banku! 🏦 #Głusi #tech #Deaf #innowacje","#Głusi #tech #Deaf #innowacje",2.1
346,2024-07-31,"migam_pl",1553,21,"Cześć! Wideotłumacz to przyszłość obsługi klienta. #tech #PJM #biznes #polskijezykmigowy","#tech #PJM #biznes #polskijezykmigowy",4.37
93,2024-08-08,"unmute_pl",550,36,"Ważne: Teatr, który łączy światy. #sztuka #teatr #PJM #Deaf","#sztuka #teatr #PJM #Deaf",2.79
246,2024-08-16,"muzeumslaskie",270,17,"Ważne: Sztuka nie potrzebuje słów, by wzruszać. #muzeum #Głusi #dostępność #teatr","#muzeum #Głusi #dostępność #teatr",1.59
504,2024-08-17,"pzg_zg",319,26,"Cześć! Domagamy się dostępności w urzędach. #Głusi #prawa #Deaf #news","#Głusi #prawa #Deaf #news",4.6
500,2024-08-19,"iwonacichosz",1668,123,"Cześć! Chwila relaksu z rodziną. #Deaf #polskijezykmigowy #lifestyle #Głusi","#Deaf #polskijezykmigowy #lifestyle #Głusi",3.73
475,2024-08-24,"fundacja_kultura_bez_barier",261,26,"Hej! Sztuka nie potrzebuje słów, by wzruszać. #sztuka #teatr #społeczność #polskijezykmigowy","#sztuka #teatr #społeczność #polskijezykmigowy",3.19
493,2024-08-27,"fundacja_kultura_bez_barier",324,42,"Ważne: Kino dostępne z napisami i pętlą. #polskijezykmigowy #społeczność #dostępność #kultura","#polskijezykmigowy #społeczność #dostępność #kultura",4.07
296,2024-08-31,"iwonacichosz",1181,146,"Cześć! Bycie Głuchą to moja supermoc. #Deaf #PJM #społeczność #actress","#Deaf #PJM #społeczność #actress",2.76
519,2024-09-02,"fundacja_echo",136,16,"Cześć! Ważne zmiany w przepisach dla osób z niepełnosprawnością. #news #prawa #Głusi #ngo","#news #prawa #Głusi #ngo",3.38
380,2024-09-05,"pan_od_pjm",181,7,"Hej! Kino dostępne z napisami i pętlą. #muzeum #PJM #Głusi #teatr","#muzeum #PJM #Głusi #teatr",3.76
450,2024-09-05,"iwonacichosz",1795,264,"Ważne: Macierzyństwo bez słów jest piękne. #Głusi #PJM #lifestyle #Deaf","#Głusi #PJM #lifestyle #Deaf",4.29
598,2024-09-10,"unmute_pl",623,41,"Cześć! Kino dostępne z napisami i pętlą. #polskijezykmigowy #sztuka #teatr #społeczność","#polskijezykmigowy #sztuka #teatr #społeczność",3.16
90,2024-09-19,"migam_pl",1174,158,"Zobaczcie: Wideotłumacz to przyszłość obsługi klienta. #innowacje #Deaf #aplikacja #Głusi","#innowacje #Deaf #aplikacja #Głusi",3.7
401,2024-09-20,"migam_pl",1024,127,"Cześć! Technologia łamie bariery komunikacyjne. #Deaf #innowacje #startup #społeczność","#Deaf #innowacje #startup #społeczność",3.2
329,2024-09-21,"iwonacichosz",1595,166,"Cześć! Dziś nagrywamy nowy projekt! 🎬 #lifestyle #społeczność #Deaf #Głusi","#lifestyle #społeczność #Deaf #Głusi",3.67
85,2024-09-27,"muzeumslaskie",570,39,"Cześć! Sztuka nie potrzebuje słów, by wzruszać. #sztuka #polskijezykmigowy #kultura #społeczność","#sztuka #polskijezykmigowy #kultura #społeczność",3.38
139,2024-10-06,"fundacja_kultura_bez_barier",338,17,"Zobaczcie: Teatr, który łączy światy. #Deaf #społeczność #PJM #teatr","#Deaf #społeczność #PJM #teatr",3.94
469,2024-10-21,"swiat_gluchych",449,31,"Cześć! Wywiad z Ministrem o dostępności. #ngo #polskijezykmigowy #prawa #PJM","#ngo #polskijezykmigowy #prawa #PJM",3.43
122,2024-10-22,"migam_pl",1156,98,"Hej! Nasze tłumaczki są dostępne 24/7. #innowacje #społeczność #biznes #tech","#innowacje #społeczność #biznes #tech",3.48
47,2024-10-25,"muzeumslaskie",344,23,"Ważne: Oprowadzanie w PJM po nowej wystawie. 🎨 #sztuka #PJM #społeczność #muzeum","#sztuka #PJM #społeczność #muzeum",2.04
11,2024-10-26,"migam_pl",1140,34,"Hej! Nowa funkcja w naszej aplikacji. #innowacje #biznes #startup #Głusi","#innowacje #biznes #startup #Głusi",3.26
302,2024-10-31,"fundacja_kultura_bez_barier",219,17,"Hej! Kino dostępne z napisami i pętlą. #społeczność #muzeum #Głusi #sztuka","#społeczność #muzeum #Głusi #sztuka",2.62
352,2024-11-02,"swiat_gluchych",512,12,"Cześć! Walczymy o ustawę o języku migowym! 📜 #Głusi #ngo #prawa #polskijezykmigowy","#Głusi #ngo #prawa #polskijezykmigowy",3.74
244,2024-11-06,"muzeumslaskie",492,22,"Ważne: Warsztaty plastyczne dla dzieci niesłyszących. #Głusi #muzeum #Deaf #PJM","#Głusi #muzeum #Deaf #PJM",2.86
97,2024-11-08,"migam_pl",1235,81,"Cześć! Wdrażamy tłumacza online w kolejnym banku! 🏦 #tech #społeczność #Głusi #polskijezykmigowy","#tech #społeczność #Głusi #polskijezykmigowy",3.66
271,2024-11-08,"unmute_pl",327,8,"Ważne: Kino dostępne z napisami i pętlą. #Deaf #kultura #polskijezykmigowy #Głusi","#Deaf #kultura #polskijezykmigowy #Głusi",1.6
396,2024-11-08,"pzg_zg",288,25,"Hej! Relacja z demonstracji w Warszawie. #polskijezykmigowy #ngo #społeczność #PJM","#polskijezykmigowy #ngo #społeczność #PJM",4.17
481,2024-11-14,"pan_od_pjm",112,13,"Cześć! Teatr, który łączy światy. #kultura #muzeum #sztuka #polskijezykmigowy","#kultura #muzeum #sztuka #polskijezykmigowy",2.5
120,2024-11-15,"migajaca_poezja",41,2,"Cześć! Oprowadzanie w PJM po nowej wystawie. 🎨 #sztuka #polskijezykmigowy #kultura #Deaf","#sztuka #polskijezykmigowy #kultura #Deaf",1.43
127,2024-11-16,"pan_od_pjm",172,22,"Hej! Sztuka nie potrzebuje słów, by wzruszać. #społeczność #muzeum #teatr #dostępność","#społeczność #muzeum #teatr #dostępność",3.88
45,2024-11-19,"migajaca_poezja",58,1,"Hej! Warsztaty plastyczne dla dzieci niesłyszących. #PJM #polskijezykmigowy #Głusi #kultura","#PJM #polskijezykmigowy #Głusi #kultura",1.97
462,2024-11-23,"swiat_gluchych",246,8,"Ważne: Spotkanie społeczności w ten weekend. #społeczność #ngo #Głusi #news","#społeczność #ngo #Głusi #news",1.81
513,2024-11-28,"swiat_gluchych",105,5,"Ważne: Domagamy się dostępności w urzędach. #news #społeczność #Głusi #PJM","#news #społeczność #Głusi #PJM",0.79
545,2024-12-02,"pan_od_pjm",177,5,"Ważne: Teatr, który łączy światy. #Deaf #polskijezykmigowy #kultura #muzeum","#Deaf #polskijezykmigowy #kultura #muzeum",3.64
592,2024-12-09,"pzg_zg",228,10,"Cześć! Zapraszamy na bezpłatne porady prawne. #prawa #społeczność #news #PJM","#prawa #społeczność #news #PJM",3.17
99,2024-12-11,"muzeumslaskie",536,53,"Cześć! Warsztaty plastyczne dla dzieci niesłyszących. #teatr #sztuka #dostępność #Deaf","#teatr #sztuka #dostępność #Deaf",3.27
328,2024-12-23,"fundacja_echo",108,8,"Hej! Relacja z demonstracji w Warszawie. #Głusi #news #polskijezykmigowy #Deaf","#Głusi #news #polskijezykmigowy #Deaf",2.58
572,2024-12-24,"migajaca_poezja",66,3,"Hej! Warsztaty plastyczne dla dzieci niesłyszących. #muzeum #społeczność #Głusi #PJM","#muzeum #społeczność #Głusi #PJM",2.3
33,2024-12-29,"pan_od_pjm",147,22,"Ważne: Teatr, który łączy światy. #muzeum #Deaf #teatr #PJM","#muzeum #Deaf #teatr #PJM",3.38
330,2024-12-30,"fundacja_kultura_bez_barier",340,25,"Ważne: Kino dostępne z napisami i pętlą. #sztuka #Głusi #teatr #muzeum","#sztuka #Głusi #teatr #muzeum",4.06
499,2025-01-03,"swiat_gluchych",518,24,"Hej! Zapraszamy na bezpłatne porady prawne. #Deaf #news #Głusi #społeczność","#Deaf #news #Głusi #społeczność",3.87
479,2025-01-05,"pzg_zg",195,28,"Ważne: Nowe statystyki dotyczące PJM w Polsce. #Deaf #społeczność #Głusi #news","#Deaf #społeczność #Głusi #news",2.97
510,2025-01-05,"migam_pl",1105,105,"Cześć! Wdrażamy tłumacza online w kolejnym banku! 🏦 #aplikacja #startup #PJM #Deaf","#aplikacja #startup #PJM #Deaf",3.36
261,2025-01-12,"fundacja_echo",145,4,"Cześć! Wsparcie dla seniorów G/głuchych. #społeczność #prawa #PJM #news","#społeczność #prawa #PJM #news",3.31
262,2025-01-13,"fundacja_kultura_bez_barier",381,22,"Ważne: Warsztaty plastyczne dla dzieci niesłyszących. #dostępność #PJM #Głusi #sztuka","#dostępność #PJM #Głusi #sztuka",4.48
172,2025-01-17,"fundacja_kultura_bez_barier",307,12,"Hej! Teatr, który łączy światy. #dostępność #społeczność #PJM #Deaf","#dostępność #społeczność #PJM #Deaf",3.54
95,2025-01-18,"fundacja_kultura_bez_barier",211,18,"Ważne: Teatr, który łączy światy. #polskijezykmigowy #muzeum #społeczność #Głusi","#polskijezykmigowy #muzeum #społeczność #Głusi",2.54
426,2025-01-18,"migam_pl",1197,165,"Cześć! Wideotłumacz to przyszłość obsługi klienta. #Deaf #aplikacja #startup #biznes","#Deaf #aplikacja #startup #biznes",3.78
34,2025-01-21,"fundacja_kultura_bez_barier",279,21,"Zobaczcie: Oprowadzanie w PJM po nowej wystawie. 🎨 #dostępność #teatr #muzeum #PJM","#dostępność #teatr #muzeum #PJM",3.33
525,2025-01-26,"iwonacichosz",987,73,"Ważne: Relacja z czerwonego dywanu. #Głusi #lifestyle #actress #polskijezykmigowy","#Głusi #lifestyle #actress #polskijezykmigowy",2.21
600,2025-01-26,"muzeumslaskie",406,15,"Cześć! Sztuka nie potrzebuje słów, by wzruszać. #dostępność #PJM #sztuka #polskijezykmigowy","#dostępność #PJM #sztuka #polskijezykmigowy",2.34
112,2025-01-27,"migam_pl",1427,201,"Ważne: Wideotłumacz to przyszłość obsługi klienta. #startup #polskijezykmigowy #PJM #innowacje","#startup #polskijezykmigowy #PJM #innowacje",4.52
199,2025-01-29,"fundacja_echo",130,15,"Ważne: Domagamy się dostępności w urzędach. #news #PJM #polskijezykmigowy #Deaf","#news #PJM #polskijezykmigowy #Deaf",3.22
117,2025-01-31,"fundacja_echo",71,5,"Hej! Walczymy o ustawę o języku migowym! 📜 #PJM #prawa #ngo #polskijezykmigowy","#PJM #prawa #ngo #polskijezykmigowy",1.69
8,2025-02-01,"migajaca_poezja",113,3,"Hej! Teatr, który łączy światy. #polskijezykmigowy #dostępność #Deaf #muzeum","#polskijezykmigowy #dostępność #Deaf #muzeum",3.87
562,2025-02-01,"migam_pl",1302,174,"Hej! Technologia łamie bariery komunikacyjne. #tech #aplikacja #polskijezykmigowy #społeczność","#tech #aplikacja #polskijezykmigowy #społeczność",4.1
104,2025-02-04,"fundacja_echo",102,6,"Zobaczcie: Ważne zmiany w przepisach dla osób z niepełnosprawnością. #prawa #społeczność #Deaf #Głusi","#prawa #społeczność #Deaf #Głusi",2.4
161,2025-02-06,"muzeumslaskie",268,30,"Cześć! Oprowadzanie w PJM po nowej wystawie. 🎨 #Deaf #Głusi #sztuka #muzeum","#Deaf #Głusi #sztuka #muzeum",1.66
42,2025-02-16,"swiat_gluchych",327,22,"Cześć! Nowe statystyki dotyczące PJM w Polsce. #polskijezykmigowy #ngo #news #prawa","#polskijezykmigowy #ngo #news #prawa",2.49
68,2025-02-16,"pan_od_pjm",229,17,"Cześć! Kino dostępne z napisami i pętlą. #polskijezykmigowy #sztuka #muzeum #społeczność","#polskijezykmigowy #sztuka #muzeum #społeczność",4.92
236,2025-02-20,"unmute_pl",998,33,"Cześć! Kino dostępne z napisami i pętlą. #polskijezykmigowy #PJM #Głusi #społeczność","#polskijezykmigowy #PJM #Głusi #społeczność",4.91
362,2025-02-20,"pzg_zg",314,23,"Ważne: Ważne zmiany w przepisach dla osób z niepełnosprawnością. #Głusi #PJM #polskijezykmigowy #społeczność","#Głusi #PJM #polskijezykmigowy #społeczność",4.49
507,2025-02-22,"pan_od_pjm",114,12,"Ważne: Oprowadzanie w PJM po nowej wystawie. 🎨 #teatr #kultura #Głusi #sztuka","#teatr #kultura #Głusi #sztuka",2.52
178,2025-02-23,"iwonacichosz",1251,186,"Zobaczcie: Dziś nagrywamy nowy projekt! 🎬 #life #polskijezykmigowy #Deaf #actress","#life #polskijezykmigowy #Deaf #actress",2.99
363,2025-02-25,"migajaca_poezja",104,5,"Ważne: Warsztaty plastyczne dla dzieci niesłyszących. #kultura #Deaf #polskijezykmigowy #PJM","#kultura #Deaf #polskijezykmigowy #PJM",3.63
213,2025-03-13,"muzeumslaskie",462,12,"Ważne: Oprowadzanie w PJM po nowej wystawie. 🎨 #teatr #polskijezykmigowy #społeczność #muzeum","#teatr #polskijezykmigowy #społeczność #muzeum",2.63
225,2025-03-14,"pan_od_pjm",114,16,"Hej! Sztuka nie potrzebuje słów, by wzruszać. #sztuka #polskijezykmigowy #społeczność #dostępność","#sztuka #polskijezykmigowy #społeczność #dostępność",2.6
98,2025-03-16,"muzeumslaskie",680,93,"Hej! Kino dostępne z napisami i pętlą. #kultura #sztuka #społeczność #PJM","#kultura #sztuka #społeczność #PJM",4.29
145,2025-03-17,"unmute_pl",411,7,"Cześć! Warsztaty plastyczne dla dzieci niesłyszących. #sztuka #Głusi #dostępność #polskijezykmigowy","#sztuka #Głusi #dostępność #polskijezykmigowy",1.99
503,2025-03-18,"migajaca_poezja",61,5,"Zobaczcie: Sztuka nie potrzebuje słów, by wzruszać. #sztuka #teatr #Deaf #muzeum","#sztuka #teatr #Deaf #muzeum",2.2
130,2025-03-19,"migajaca_poezja",94,9,"Ważne: Warsztaty plastyczne dla dzieci niesłyszących. #społeczność #Głusi #sztuka #PJM","#społeczność #Głusi #sztuka #PJM",3.43
206,2025-03-22,"muzeumslaskie",616,8,"Zobaczcie: Warsztaty plastyczne dla dzieci niesłyszących. #Głusi #muzeum #sztuka #społeczność","#Głusi #muzeum #sztuka #społeczność",3.47
208,2025-03-29,"unmute_pl",698,39,"Hej! Oprowadzanie w PJM po nowej wystawie. 🎨 #PJM #sztuka #muzeum #polskijezykmigowy","#PJM #sztuka #muzeum #polskijezykmigowy",3.51
432,2025-03-29,"iwonacichosz",923,111,"Zobaczcie: Bycie Głuchą to moja supermoc. #actress #Deaf #Głusi #PJM","#actress #Deaf #Głusi #PJM",2.15
254,2025-03-30,"pan_od_pjm",147,14,"Zobaczcie: Warsztaty plastyczne dla dzieci niesłyszących. #kultura #społeczność #sztuka #PJM","#kultura #społeczność #sztuka #PJM",3.22
283,2025-03-30,"pan_od_pjm",180,2,"Hej! Sztuka nie potrzebuje słów, by wzruszać. #dostępność #sztuka #teatr #kultura","#dostępność #sztuka #teatr #kultura",3.64
121,2025-03-31,"fundacja_echo",204,22,"Cześć! Domagamy się dostępności w urzędach. #społeczność #ngo #Deaf #news","#społeczność #ngo #Deaf #news",5.02
249,2025-04-03,"migam_pl",976,96,"Zobaczcie: Technologia łamie bariery komunikacyjne. #aplikacja #tech #społeczność #startup","#aplikacja #tech #społeczność #startup",2.98
240,2025-04-12,"swiat_gluchych",452,46,"Cześć! Walczymy o ustawę o języku migowym! 📜 #PJM #prawa #ngo #news","#PJM #prawa #ngo #news",3.56
494,2025-04-12,"fundacja_echo",99,9,"Hej! Nowe statystyki dotyczące PJM w Polsce. #społeczność #polskijezykmigowy #Głusi #ngo","#społeczność #polskijezykmigowy #Głusi #ngo",2.4
496,2025-04-14,"fundacja_echo",97,9,"Hej! Relacja z demonstracji w Warszawie. #prawa #Głusi #polskijezykmigowy #ngo","#prawa #Głusi #polskijezykmigowy #ngo",2.36
168,2025-04-15,"migam_pl",1049,55,"Zobaczcie: Nasze tłumaczki są dostępne 24/7. #aplikacja #PJM #biznes #Głusi","#aplikacja #PJM #biznes #Głusi",3.07
203,2025-04-20,"fundacja_echo",96,1,"Hej! Sukces polskiej reprezentacji niesłyszących w sporcie! #polskijezykmigowy #ngo #Deaf #społeczność","#polskijezykmigowy #ngo #Deaf #społeczność",2.16
282,2025-04-23,"iwonacichosz",1070,60,"Cześć! Macierzyństwo bez słów jest piękne. #life #actress #polskijezykmigowy #lifestyle","#life #actress #polskijezykmigowy #lifestyle",2.35
343,2025-04-28,"muzeumslaskie",598,46,"Cześć! Sztuka nie potrzebuje słów, by wzruszać. #kultura #społeczność #teatr #polskijezykmigowy","#kultura #społeczność #teatr #polskijezykmigowy",3.58
421,2025-04-29,"unmute_pl",794,46,"Hej! Sztuka nie potrzebuje słów, by wzruszać. #polskijezykmigowy #Deaf #PJM #społeczność","#polskijezykmigowy #Deaf #PJM #społeczność",4
489,2025-05-12,"muzeumslaskie",519,43,"Cześć! Teatr, który łączy światy. #Deaf #Głusi #muzeum #dostępność","#Deaf #Głusi #muzeum #dostępność",3.12
188,2025-05-16,"migajaca_poezja",92,9,"Ważne: Teatr, który łączy światy. #społeczność #kultura #muzeum #sztuka","#społeczność #kultura #muzeum #sztuka",3.37
44,2025-05-17,"swiat_gluchych",444,29,"Hej! Sukces polskiej reprezentacji niesłyszących w sporcie! #news #polskijezykmigowy #społeczność #Głusi","#news #polskijezykmigowy #społeczność #Głusi",3.38
82,2025-05-17,"pan_od_pjm",54,5,"Cześć! Kino dostępne z napisami i pętlą. #polskijezykmigowy #sztuka #kultura #muzeum","#polskijezykmigowy #sztuka #kultura #muzeum",1.18
91,2025-05-19,"pzg_zg",234,26,"Zobaczcie: Spotkanie społeczności w ten weekend. #news #Głusi #polskijezykmigowy #PJM","#news #Głusi #polskijezykmigowy #PJM",3.47
409,2025-05-19,"fundacja_kultura_bez_barier",404,42,"Cześć! Sztuka nie potrzebuje słów, by wzruszać. #PJM #teatr #dostępność #kultura","#PJM #teatr #dostępność #kultura",4.96
39,2025-05-21,"migajaca_poezja",98,1,"Cześć! Kino dostępne z napisami i pętlą. #muzeum #PJM #dostępność #Deaf","#muzeum #PJM #dostępność #Deaf",3.3
125,2025-05-23,"pan_od_pjm",117,5,"Cześć! Warsztaty plastyczne dla dzieci niesłyszących. #PJM #muzeum #sztuka #Głusi","#PJM #muzeum #sztuka #Głusi",2.44
219,2025-06-05,"migajaca_poezja",118,12,"Zobaczcie: Warsztaty plastyczne dla dzieci niesłyszących. #kultura #teatr #Deaf #polskijezykmigowy","#kultura #teatr #Deaf #polskijezykmigowy",4.33
258,2025-06-05,"migam_pl",1045,30,"Cześć! Nasze tłumaczki są dostępne 24/7. #Głusi #społeczność #PJM #Deaf","#Głusi #społeczność #PJM #Deaf",2.99
226,2025-06-18,"swiat_gluchych",478,49,"Zobaczcie: Relacja z demonstracji w Warszawie. #polskijezykmigowy #prawa #ngo #news","#polskijezykmigowy #prawa #ngo #news",3.76
109,2025-06-21,"migajaca_poezja",86,11,"Hej! Sztuka nie potrzebuje słów, by wzruszać. #teatr #Deaf #dostępność #sztuka","#teatr #Deaf #dostępność #sztuka",3.23
132,2025-07-10,"fundacja_kultura_bez_barier",221,12,"Zobaczcie: Kino dostępne z napisami i pętlą. #Głusi #sztuka #muzeum #Deaf","#Głusi #sztuka #muzeum #Deaf",2.59
292,2025-07-22,"migajaca_poezja",102,4,"Zobaczcie: Kino dostępne z napisami i pętlą. #kultura #teatr #muzeum #Głusi","#kultura #teatr #muzeum #Głusi",3.53
303,2025-07-26,"muzeumslaskie",498,63,"Hej! Sztuka nie potrzebuje słów, by wzruszać. #Deaf #społeczność #kultura #sztuka","#Deaf #społeczność #kultura #sztuka",3.12
123,2025-07-30,"migam_pl",660,82,"Cześć! Wideotłumacz to przyszłość obsługi klienta. #Deaf #startup #aplikacja #społeczność","#Deaf #startup #aplikacja #społeczność",2.06
350,2025-07-31,"unmute_pl",994,63,"Cześć! Teatr, który łączy światy. #muzeum #PJM #dostępność #społeczność","#muzeum #PJM #dostępność #społeczność",5.03
445,2025-07-31,"swiat_gluchych",446,36,"Cześć! Nowe statystyki dotyczące PJM w Polsce. #polskijezykmigowy #ngo #prawa #społeczność","#polskijezykmigowy #ngo #prawa #społeczność",3.44
476,2025-08-05,"muzeumslaskie",627,55,"Cześć! Teatr, który łączy światy. #Deaf #muzeum #kultura #teatr","#Deaf #muzeum #kultura #teatr",3.79
575,2025-08-10,"fundacja_kultura_bez_barier",258,33,"Zobaczcie: Sztuka nie potrzebuje słów, by wzruszać. #dostępność #kultura #muzeum #Deaf","#dostępność #kultura #muzeum #Deaf",3.23
339,2025-08-12,"fundacja_echo",191,14,"Cześć! Relacja z demonstracji w Warszawie. #polskijezykmigowy #Głusi #PJM #news","#polskijezykmigowy #Głusi #PJM #news",4.56
554,2025-08-13,"muzeumslaskie",697,48,"Zobaczcie: Kino dostępne z napisami i pętlą. #teatr #PJM #muzeum #polskijezykmigowy","#teatr #PJM #muzeum #polskijezykmigowy",4.14
162,2025-08-18,"pzg_zg",93,6,"Zobaczcie: Nowe statystyki dotyczące PJM w Polsce. #polskijezykmigowy #społeczność #PJM #news","#polskijezykmigowy #społeczność #PJM #news",1.32
541,2025-08-26,"pan_od_pjm",95,9,"Ważne: Sztuka nie potrzebuje słów, by wzruszać. #Deaf #kultura #dostępność #teatr","#Deaf #kultura #dostępność #teatr",2.08
22,2025-08-28,"migajaca_poezja",81,10,"Zobaczcie: Teatr, który łączy światy. #muzeum #społeczność #teatr #PJM","#muzeum #społeczność #teatr #PJM",3.03
159,2025-09-04,"unmute_pl",727,66,"Hej! Warsztaty plastyczne dla dzieci niesłyszących. #społeczność #kultura #polskijezykmigowy #Głusi","#społeczność #kultura #polskijezykmigowy #Głusi",3.78
214,2025-09-04,"migam_pl",550,78,"Zobaczcie: Nowa funkcja w naszej aplikacji. #Deaf #aplikacja #Głusi #społeczność","#Deaf #aplikacja #Głusi #społeczność",1.74
229,2025-09-06,"migam_pl",935,81,"Zobaczcie: Technologia łamie bariery komunikacyjne. #polskijezykmigowy #społeczność #tech #aplikacja","#polskijezykmigowy #społeczność #tech #aplikacja",2.82
149,2025-09-12,"fundacja_kultura_bez_barier",250,25,"Zobaczcie: Oprowadzanie w PJM po nowej wystawie. 🎨 #muzeum #sztuka #PJM #teatr","#muzeum #sztuka #PJM #teatr",3.06
198,2025-09-14,"fundacja_kultura_bez_barier",379,47,"Cześć! Teatr, który łączy światy. #teatr #Deaf #sztuka #polskijezykmigowy","#teatr #Deaf #sztuka #polskijezykmigowy",4.73
179,2025-09-21,"muzeumslaskie",436,42,"Hej! Sztuka nie potrzebuje słów, by wzruszać. #Deaf #kultura #społeczność #muzeum","#Deaf #kultura #społeczność #muzeum",2.66
365,2025-09-23,"fundacja_kultura_bez_barier",288,42,"Ważne: Teatr, który łączy światy. #muzeum #sztuka #kultura #Głusi","#muzeum #sztuka #kultura #Głusi",3.67
392,2025-09-24,"iwonacichosz",1586,28,"Cześć! Dziś nagrywamy nowy projekt! 🎬 #Głusi #lifestyle #społeczność #polskijezykmigowy","#Głusi #lifestyle #społeczność #polskijezykmigowy",3.36
581,2025-09-24,"pzg_zg",171,21,"Cześć! Wywiad z Ministrem o dostępności. #PJM #Głusi #news #społeczność","#PJM #Głusi #news #społeczność",2.56
201,2025-09-25,"migam_pl",1060,130,"Hej! Wdrażamy tłumacza online w kolejnym banku! 🏦 #biznes #innowacje #polskijezykmigowy #Głusi","#biznes #innowacje #polskijezykmigowy #Głusi",3.31
472,2025-10-08,"pan_od_pjm",149,20,"Cześć! Teatr, który łączy światy. #polskijezykmigowy #dostępność #PJM #kultura","#polskijezykmigowy #dostępność #PJM #kultura",3.38
451,2025-10-09,"unmute_pl",57,7,"Zobaczcie: Kino dostępne z napisami i pętlą. #muzeum #Głusi #kultura #polskijezykmigowy","#muzeum #Głusi #kultura #polskijezykmigowy",0.3
105,2025-10-11,"iwonacichosz",2138,123,"Zobaczcie: Relacja z czerwonego dywanu. #polskijezykmigowy #actress #PJM #Deaf","#polskijezykmigowy #actress #PJM #Deaf",4.71
414,2025-10-12,"fundacja_echo",98,6,"Cześć! Domagamy się dostępności w urzędach. #news #Deaf #ngo #polskijezykmigowy","#news #Deaf #ngo #polskijezykmigowy",2.31
267,2025-10-19,"fundacja_kultura_bez_barier",86,7,"Zobaczcie: Teatr, który łączy światy. #społeczność #Deaf #dostępność #sztuka","#społeczność #Deaf #dostępność #sztuka",1.03
576,2025-10-21,"swiat_gluchych",227,5,"Ważne: Zapraszamy na bezpłatne porady prawne. #prawa #Głusi #news #ngo","#prawa #Głusi #news #ngo",1.66
63,2025-10-28,"migajaca_poezja",104,12,"Ważne: Oprowadzanie w PJM po nowej wystawie. 🎨 #Deaf #Głusi #sztuka #polskijezykmigowy","#Deaf #Głusi #sztuka #polskijezykmigowy",3.87
298,2025-11-03,"migajaca_poezja",103,2,"Cześć! Kino dostępne z napisami i pętlą. #PJM #kultura #dostępność #muzeum","#PJM #kultura #dostępność #muzeum",3.5
522,2025-11-07,"iwonacichosz",982,76,"Ważne: Relacja z czerwonego dywanu. #polskijezykmigowy #społeczność #lifestyle #Głusi","#polskijezykmigowy #społeczność #lifestyle #Głusi",2.2
51,2025-11-09,"fundacja_echo",121,4,"Cześć! Wsparcie dla seniorów G/głuchych. #PJM #news #ngo #społeczność","#PJM #news #ngo #społeczność",2.78
301,2025-11-09,"muzeumslaskie",719,10,"Ważne: Kino dostępne z napisami i pętlą. #dostępność #polskijezykmigowy #teatr #sztuka","#dostępność #polskijezykmigowy #teatr #sztuka",4.05
317,2025-11-16,"migam_pl",1347,63,"Cześć! Technologia łamie bariery komunikacyjne. #startup #tech #społeczność #biznes","#startup #tech #społeczność #biznes",3.92
295,2025-11-17,"unmute_pl",477,16,"Ważne: Sztuka nie potrzebuje słów, by wzruszać. #teatr #Głusi #kultura #PJM","#teatr #Głusi #kultura #PJM",2.35
431,2025-11-20,"migam_pl",1254,97,"Zobaczcie: Nasze tłumaczki są dostępne 24/7. #tech #Głusi #aplikacja #społeczność","#tech #Głusi #aplikacja #społeczność",3.75
227,2025-11-30,"fundacja_kultura_bez_barier",370,37,"Cześć! Kino dostępne z napisami i pętlą. #społeczność #sztuka #teatr #polskijezykmigowy","#społeczność #sztuka #teatr #polskijezykmigowy",4.52
550,2025-11-30,"iwonacichosz",1534,129,"Ważne: Dziś nagrywamy nowy projekt! 🎬 #life #polskijezykmigowy #lifestyle #Głusi","#life #polskijezykmigowy #lifestyle #Głusi",3.46
446,2025-12-04,"migajaca_poezja",78,5,"Zobaczcie: Teatr, który łączy światy. #muzeum #kultura #społeczność #Głusi","#muzeum #kultura #społeczność #Głusi",2.77
370,2025-12-09,"pan_od_pjm",137,7,"Cześć! Warsztaty plastyczne dla dzieci niesłyszących. #Deaf #PJM #kultura #dostępność","#Deaf #PJM #kultura #dostępność",2.88
190,2025-12-11,"fundacja_echo",179,19,"Hej! Wywiad z Ministrem o dostępności. #ngo #news #Głusi #społeczność","#ngo #news #Głusi #społeczność",4.4
50,2025-12-25,"migajaca_poezja",93,4,"Cześć! Warsztaty plastyczne dla dzieci niesłyszących. #muzeum #Deaf #teatr #PJM","#muzeum #Deaf #teatr #PJM",3.23
516,2025-12-26,"pzg_zg",219,11,"Ważne: Walczymy o ustawę o języku migowym! 📜 #Głusi #news #prawa #PJM","#Głusi #news #prawa #PJM",3.07
502,2025-12-27,"pan_od_pjm",239,10,"Zobaczcie: Warsztaty plastyczne dla dzieci niesłyszących. #PJM #Głusi #muzeum #dostępność","#PJM #Głusi #muzeum #dostępność",4.98
357,2025-12-29,"muzeumslaskie",482,43,"Cześć! Oprowadzanie w PJM po nowej wystawie. 🎨 #Głusi #muzeum #PJM #Deaf","#Głusi #muzeum #PJM #Deaf",2.92
3,2025-12-30,"swiat_gluchych",420,60,"Ważne: Zapraszamy na bezpłatne porady prawne. #PJM #społeczność #prawa #ngo","#PJM #społeczność #prawa #ngo",3.43
532,2025-12-30,"fundacja_kultura_bez_barier",210,12,"Cześć! Sztuka nie potrzebuje słów, by wzruszać. #teatr #kultura #PJM #polskijezykmigowy","#teatr #kultura #PJM #polskijezykmigowy",2.47
239,2026-01-03,"iwonacichosz",1200,102,"Zobaczcie: Macierzyństwo bez słów jest piękne. #actress #Głusi #Deaf #polskijezykmigowy","#actress #Głusi #Deaf #polskijezykmigowy",2.71
548,2026-01-11,"pzg_zg",186,7,"Zobaczcie: Ważne zmiany w przepisach dla osób z niepełnosprawnością. #PJM #społeczność #Głusi #Deaf","#PJM #społeczność #Głusi #Deaf",2.57
514,2026-01-12,"iwonacichosz",1370,63,"Zobaczcie: Bycie Głuchą to moja supermoc. #life #actress #PJM #polskijezykmigowy","#life #actress #PJM #polskijezykmigowy",2.99
